,g/h,l,m,res_lon[deg],dg[nT],g[nT],"dist_min, Leeds","G_dist[deg/nT], Leeds","dist_min, Dunedin","G_dist[deg/nT], Dunedin","dist_min, Edmonton","G_dist[deg/nT], Edmonton","dist_min, Salekhard","G_dist[deg/nT], Salekhard"
0,g,1.0,0.0,0.5,-55.52736709339272,-29460.327367093392,12.982356031882125,6.859284468489216e-05,11.681226670071485,-0.00015792849523315887,1.9732034441419648,-7.786236187864227e-05,0.7691098191031852,4.238637309470466e-05
1,g,1.0,0.0,0.5,55.52736709339272,-29349.272632906606,12.982356031882125,6.890258739058589e-05,11.681226670071485,-0.0001582074001172463,1.9732034441419648,-7.810269615775634e-05,0.7691098191031852,4.254110743510146e-05
2,g,1.0,1.0,0.5,-55.52736709339272,-1506.4273670933928,12.982356031882125,0.0018984973108161715,11.681226670071485,0.0016905069175859274,1.9732034441419648,-0.0004523587067135005,0.7691098191031852,0.0002615392254254109
3,g,1.0,1.0,0.5,55.52736709339272,-1395.3726329066074,12.982356031882125,0.0018984380948439143,11.681226670071485,0.0016926729093945604,1.9732034441419648,-0.0004495386949520438,0.7691098191031852,0.0002641712955087632
4,h,1.0,1.0,0.5,-55.52736709339272,4596.972632906607,12.982356031882125,0.00026081728022265356,11.681226670071485,0.0002970486313020787,1.9732034441419648,-0.0006130185571707154,0.7691098191031852,0.0006684819068001648
5,h,1.0,1.0,0.5,55.52736709339272,4708.027367093393,12.982356031882125,0.000268002758344079,11.681226670071485,0.00030436826552218243,1.9732034441419648,-0.0006117624851178947,0.7691098191031852,0.0006692489506364403
6,g,2.0,0.0,0.5,-74.6754955373144,-2574.2754955373143,12.982356031882125,-0.000545373956130808,11.681226670071485,0.0006790738061973844,1.9732034441419648,-0.00029704557500951625,0.7691098191031852,-0.00019963148749588491
7,g,2.0,0.0,0.5,74.6754955373144,-2424.9245044626855,12.982356031882125,-0.0005480319394048059,11.681226670071485,0.0006770399491103409,1.9732034441419648,-0.00029802537349671413,0.7691098191031852,-0.00020056808794382522
8,g,2.0,1.0,0.5,-74.6754955373144,2907.3245044626856,12.982356031882125,0.0010005979629324725,11.681226670071485,-0.0006503254029545171,1.9732034441419648,-0.0001927741109305318,0.7691098191031852,0.0001412584723138998
9,g,2.0,1.0,0.5,74.6754955373144,3056.6754955373144,12.982356031882125,0.0010050730109982728,11.681226670071485,-0.0006462522279457054,1.9732034441419648,-0.0001913240144026291,0.7691098191031852,0.0001427034995026845
10,h,2.0,1.0,0.5,-74.6754955373144,-3066.2754955373143,12.982356031882125,0.00014878668936472354,11.681226670071485,-0.0001774258325331213,1.9732034441419648,-0.00021500229512273598,0.7691098191031852,0.00036462995369024716
11,h,2.0,1.0,0.5,74.6754955373144,-2916.9245044626855,12.982356031882125,0.00015161099798923045,11.681226670071485,-0.00017537791062118178,1.9732034441419648,-0.0002138648227990674,0.7691098191031852,0.0003662926229619431
12,g,2.0,2.0,0.5,-74.6754955373144,1602.3245044626856,12.982356031882125,0.0007862718712494123,11.681226670071485,-0.0007855194110940074,1.9732034441419648,-0.0001521642140990537,0.7691098191031852,-0.00018670558134908
13,g,2.0,2.0,0.5,74.6754955373144,1751.6754955373144,12.982356031882125,0.0007846683983551338,11.681226670071485,-0.000786200475568942,1.9732034441419648,-0.0001508549218475495,0.7691098191031852,-0.00018629339118865338
14,h,2.0,2.0,0.5,-74.6754955373144,-809.2754955373144,12.982356031882125,0.00012357962452291119,11.681226670071485,-0.00011006426785007129,1.9732034441419648,0.0003232656243845075,0.7691098191031852,0.00019219520889123494
15,h,2.0,2.0,0.5,74.6754955373144,-659.9245044626856,12.982356031882125,0.00012709282120247327,11.681226670071485,-0.0001060751582363366,1.9732034441419648,0.0003235924364349911,0.7691098191031852,0.00019258839097082922
16,g,3.0,0.0,0.5,-100.42668913806658,1262.7733108619334,12.982356031882125,-0.0006661461900836517,11.681226670071485,-0.0006715203294622445,1.9732034441419648,-0.0002931353086847988,0.7691098191031852,-0.0002494815402638395
17,g,3.0,0.0,0.5,100.42668913806658,1463.6266891380667,12.982356031882125,-0.0006702665360846242,11.681226670071485,-0.0006724009137592345,1.9732034441419648,-0.00029364928680937415,0.7691098191031852,-0.0002509605544978245
18,g,3.0,1.0,0.5,-100.42668913806658,-2481.6266891380665,12.982356031882125,0.00048560371442920463,11.681226670071485,4.8242404434974365e-05,1.9732034441419648,-5.711668306906014e-05,0.7691098191031852,6.859445806435235e-05
19,g,3.0,1.0,0.5,100.42668913806658,-2280.773310861933,12.982356031882125,0.0004909979778898835,11.681226670071485,4.928262206363003e-05,1.9732034441419648,-5.659166790020434e-05,0.7691098191031852,6.942019804274182e-05
20,h,3.0,1.0,0.5,-100.42668913806658,-182.52668913806656,12.982356031882125,0.00010631784686410286,11.681226670071485,0.0001479427981978452,1.9732034441419648,3.749087395047388e-06,0.7691098191031852,0.00018789926990740835
21,h,3.0,1.0,0.5,100.42668913806658,18.326689138066584,12.982356031882125,0.00010727416795956674,11.681226670071485,0.00014804700921522662,1.9732034441419648,3.7018924222552795e-06,0.7691098191031852,0.00018967181304255693
22,g,3.0,2.0,0.5,-100.42668913806658,1135.7733108619334,12.982356031882125,0.0007202745755577783,11.681226670071485,0.0006326604115730987,1.9732034441419648,-0.00011432048458822116,0.7691098191031852,-0.00017135088035891794
23,g,3.0,2.0,0.5,100.42668913806658,1336.6266891380667,12.982356031882125,0.0007204236045187813,11.681226670071485,0.000634857682411503,1.9732034441419648,-0.00011298658457632785,0.7691098191031852,-0.00017058270240058002
24,h,3.0,2.0,0.5,-100.42668913806658,141.47331086193344,12.982356031882125,9.021484896227655e-05,11.681226670071485,6.956425767657759e-05,1.9732034441419648,0.00025479465824558925,0.7691098191031852,0.00017816013074689157
25,h,3.0,2.0,0.5,100.42668913806658,342.32668913806657,12.982356031882125,9.419384914328411e-05,11.681226670071485,7.307296494108501e-05,1.9732034441419648,0.00025613518445262396,0.7691098191031852,0.0001789368697361876
26,g,3.0,3.0,0.5,-100.42668913806658,425.27331086193345,12.982356031882125,0.00030111211929262127,11.681226670071485,0.00036260015638324807,1.9732034441419648,0.0001648730781735184,0.7691098191031852,-8.677383865249905e-05
27,g,3.0,3.0,0.5,100.42668913806658,626.1266891380666,12.982356031882125,0.0003004274639126844,11.681226670071485,0.0003620044220779062,1.9732034441419648,0.00016460254491434658,0.7691098191031852,-8.688148686308656e-05
28,h,3.0,3.0,0.5,-100.42668913806658,-643.8266891380665,12.982356031882125,4.302928018188605e-05,11.681226670071485,3.1250120499943478e-06,1.9732034441419648,-2.8973072104009654e-06,0.7691098191031852,-3.034826916558081e-05
29,h,3.0,3.0,0.5,100.42668913806658,-442.9733108619334,12.982356031882125,4.4069207823648455e-05,11.681226670071485,4.619707969263362e-06,1.9732034441419648,-2.106831642213563e-06,0.7691098191031852,-3.0099835352496012e-05
30,g,4.0,0.0,0.5,-135.05795734819398,767.942042651806,12.982356031882125,-0.0006985056929439533,11.681226670071485,0.0005368164572705686,1.9732034441419648,-0.00024145561048637246,0.7691098191031852,-0.00026337813256235355
31,g,4.0,0.0,0.5,135.05795734819398,1038.057957348194,12.982356031882125,-0.0007020848121758473,11.681226670071485,0.0005389698637082543,1.9732034441419648,-0.0002406016832976625,0.7691098191031852,-0.00026483710425502
32,g,4.0,1.0,0.5,-135.05795734819398,674.442042651806,12.982356031882125,0.00012270822890580763,11.681226670071485,0.000329652261537035,1.9732034441419648,2.8700846272086526e-05,0.7691098191031852,1.8572946556198644e-05
33,g,4.0,1.0,0.5,135.05795734819398,944.557957348194,12.982356031882125,0.0001255168007197405,11.681226670071485,0.00032553378395932164,1.9732034441419648,2.8406167907030722e-05,0.7691098191031852,1.886424799446729e-05
34,h,4.0,1.0,0.5,-135.05795734819398,146.842042651806,12.982356031882125,8.730724739645674e-05,11.681226670071485,-0.00014240845795947298,1.9732034441419648,0.00014221243521372008,0.7691098191031852,6.873030972366951e-05
35,h,4.0,1.0,0.5,135.05795734819398,416.957957348194,12.982356031882125,8.71452778248644e-05,11.681226670071485,-0.00014297220111222054,1.9732034441419648,0.00014029897191174617,0.7691098191031852,6.991394074225438e-05
36,g,4.0,2.0,0.5,-135.05795734819398,-48.75795734819398,12.982356031882125,0.0006380411452151619,11.681226670071485,-0.00041998864888115653,1.9732034441419648,-6.044280464996506e-05,0.7691098191031852,-0.00015504185667003238
37,g,4.0,2.0,0.5,135.05795734819398,221.35795734819396,12.982356031882125,0.0006417119098340656,11.681226670071485,-0.0004151248606663166,1.9732034441419648,-5.928625645321383e-05,0.7691098191031852,-0.00015369605557097272
38,h,4.0,2.0,0.5,-135.05795734819398,-293.457957348194,12.982356031882125,8.14630411506737e-05,11.681226670071485,-8.978707564981284e-05,1.9732034441419648,0.00017687746553133685,0.7691098191031852,0.0001590995857932948
39,h,4.0,2.0,0.5,135.05795734819398,-23.342042651806025,12.982356031882125,8.591682208926291e-05,11.681226670071485,-8.752119857756505e-05,1.9732034441419648,0.00017911791978004823,0.7691098191031852,0.00016056493217764942
40,g,4.0,3.0,0.5,-135.05795734819398,-444.457957348194,12.982356031882125,0.00039032830211435166,11.681226670071485,-0.00044078058325840223,1.9732034441419648,0.000194443683734591,0.7691098191031852,-0.00011224111512223904
41,g,4.0,3.0,0.5,135.05795734819398,-174.342042651806,12.982356031882125,0.00038945335413497845,11.681226670071485,-0.0004403445595493758,1.9732034441419648,0.00019460416950765435,0.7691098191031852,-0.00011234896687356498
42,h,4.0,3.0,0.5,-135.05795734819398,64.64204265180601,12.982356031882125,3.660853989863349e-05,11.681226670071485,2.28463124897137e-05,1.9732034441419648,-2.0387640545608816e-06,0.7691098191031852,-3.852175263037619e-05
43,h,4.0,3.0,0.5,135.05795734819398,334.75795734819394,12.982356031882125,3.897722814891885e-05,11.681226670071485,2.5707925392728622e-05,1.9732034441419648,-5.206088311925197e-07,0.7691098191031852,-3.7920401270727274e-05
44,g,4.0,4.0,0.5,-135.05795734819398,-87.05795734819398,12.982356031882125,0.00011394751625507848,11.681226670071485,-0.00016792877592233495,1.9732034441419648,-3.35055943182622e-05,0.7691098191031852,-3.1804101830924493e-06
45,g,4.0,4.0,0.5,135.05795734819398,183.05795734819398,12.982356031882125,0.00011374543070493725,11.681226670071485,-0.00016817810449816145,1.9732034441419648,-3.32617018132272e-05,0.7691098191031852,-3.118506088076283e-06
46,h,4.0,4.0,0.5,-135.05795734819398,-484.75795734819394,12.982356031882125,1.2563827488831207e-05,11.681226670071485,2.775223447619616e-05,1.9732034441419648,-6.99594396223185e-05,0.7691098191031852,-3.082298854994997e-05
47,h,4.0,4.0,0.5,135.05795734819398,-214.642042651806,12.982356031882125,1.283105834055838e-05,11.681226670071485,2.824751035272631e-05,1.9732034441419648,-7.003630589128937e-05,0.7691098191031852,-3.086073015883439e-05
48,g,5.0,0.0,0.5,-181.6315164785463,-415.9315164785463,12.982356031882125,-0.0006598867261563996,11.681226670071485,-0.0003245612718342006,1.9732034441419648,-0.0001545123494039609,0.7691098191031852,-0.0002552354599351524
49,g,5.0,0.0,0.5,181.6315164785463,-52.66848352145371,12.982356031882125,-0.0006595874875507795,11.681226670071485,-0.00032017142503612344,1.9732034441419648,-0.00015246038073327435,0.7691098191031852,-0.000255644291544993
50,g,5.0,1.0,0.5,-181.6315164785463,181.5684835214537,12.982356031882125,-0.00018913507810220466,11.681226670071485,-0.000545380009891471,1.9732034441419648,8.555026977484408e-05,0.7691098191031852,-2.4025629714337588e-05
51,g,5.0,1.0,0.5,181.6315164785463,544.8315164785463,12.982356031882125,-0.00019418783337862348,11.681226670071485,-0.0005520684925697978,1.9732034441419648,8.472525277758764e-05,0.7691098191031852,-2.450025209133733e-05
52,h,5.0,1.0,0.5,-181.6315164785463,-133.9315164785463,12.982356031882125,7.241373844145225e-05,11.681226670071485,0.00013000806984327662,1.9732034441419648,0.00022605910943452803,0.7691098191031852,-3.2377786243270954e-05
53,h,5.0,1.0,0.5,181.6315164785463,229.3315164785463,12.982356031882125,7.135216186470612e-05,11.681226670071485,0.0001295287392370913,1.9732034441419648,0.00022315415619266298,0.7691098191031852,-3.314135604402868e-05
54,g,5.0,2.0,0.5,-181.6315164785463,6.168483521453709,12.982356031882125,0.0005120711550313135,11.681226670071485,0.00015166846518378877,1.9732034441419648,5.289028955888428e-06,0.7691098191031852,-0.0001324055338470888
55,g,5.0,2.0,0.5,181.6315164785463,369.4315164785463,12.982356031882125,0.0005206644043130151,11.681226670071485,0.00015565619359522918,1.9732034441419648,5.448364691142798e-06,0.7691098191031852,-0.00013029382264285032
56,h,5.0,2.0,0.5,-181.6315164785463,26.66848352145371,12.982356031882125,8.131128353787448e-05,11.681226670071485,0.00012993170976665708,1.9732034441419648,8.380987383031052e-05,0.7691098191031852,0.00013197535043257415
57,h,5.0,2.0,0.5,181.6315164785463,389.9315164785463,12.982356031882125,8.56316998881377e-05,11.681226670071485,0.00013008651536682223,1.9732034441419648,8.584003787032504e-05,0.7691098191031852,0.00013433705017153698
58,g,5.0,3.0,0.5,-181.6315164785463,-322.3315164785463,12.982356031882125,0.00045585945720386014,11.681226670071485,0.00043496219139154394,1.9732034441419648,0.000191118898503135,0.7691098191031852,-0.00013277520764051276
59,g,5.0,3.0,0.5,181.6315164785463,40.931516478546314,12.982356031882125,0.0004559446245124212,11.681226670071485,0.00043858993590882014,1.9732034441419648,0.0001926859089639162,0.7691098191031852,-0.0001326198126316022
60,h,5.0,3.0,0.5,-181.6315164785463,-302.8315164785463,12.982356031882125,3.723637161826644e-05,11.681226670071485,-1.8313437472977842e-05,1.9732034441419648,-8.929665621272952e-06,0.7691098191031852,-4.6422250745462456e-05
61,h,5.0,3.0,0.5,181.6315164785463,60.4315164785463,12.982356031882125,4.175373822168137e-05,11.681226670071485,-1.4370623682652328e-05,1.9732034441419648,-6.759246765374381e-06,0.7691098191031852,-4.519061525711108e-05
62,g,5.0,4.0,0.5,-181.6315164785463,-332.8315164785463,12.982356031882125,0.00018899496831328367,11.681226670071485,0.0002672652644891496,1.9732034441419648,-5.04662438275385e-05,0.7691098191031852,-5.49774840098411e-06
63,g,5.0,4.0,0.5,181.6315164785463,30.431516478546314,12.982356031882125,0.00018844303667932396,11.681226670071485,0.00026721452656631317,1.9732034441419648,-4.9577643943209224e-05,0.7691098191031852,-5.26162221325598e-06
64,h,5.0,4.0,0.5,-181.6315164785463,-149.3315164785463,12.982356031882125,1.097545887438984e-05,11.681226670071485,-6.564250897375485e-05,1.9732034441419648,-0.00010988743805624876,0.7691098191031852,-5.092921438179709e-05
65,h,5.0,4.0,0.5,181.6315164785463,213.9315164785463,12.982356031882125,1.1977125616903605e-05,11.681226670071485,-6.399991560525911e-05,1.9732034441419648,-0.00010990535097753812,0.7691098191031852,-5.103378852128199e-05
66,g,5.0,5.0,0.5,-181.6315164785463,-168.1315164785463,12.982356031882125,4.323323020645556e-05,11.681226670071485,7.748032222038388e-05,1.9732034441419648,-2.4305668220422485e-05,0.7691098191031852,9.016466302813812e-06
67,g,5.0,5.0,0.5,181.6315164785463,195.1315164785463,12.982356031882125,4.318057070005257e-05,11.681226670071485,7.740832501721432e-05,1.9732034441419648,-2.4273978578994733e-05,0.7691098191031852,9.013463120462818e-06
68,h,5.0,5.0,0.5,-181.6315164785463,-82.7315164785463,12.982356031882125,2.948795596712339e-06,11.681226670071485,-2.96730893011935e-05,1.9732034441419648,2.838380258954164e-05,0.7691098191031852,-5.373676361641435e-06
69,h,5.0,5.0,0.5,181.6315164785463,280.53151647854634,12.982356031882125,3.0137304094868853e-06,11.681226670071485,-2.9530648782295184e-05,1.9732034441419648,2.8407373548367685e-05,0.7691098191031852,-5.366488002266591e-06
70,g,6.0,0.0,0.5,-244.26556143778066,-178.26556143778066,12.982356031882125,-0.0005517347461292711,11.681226670071485,7.065185618335011e-05,1.9732034441419648,-4.8523285123754694e-05,0.7691098191031852,-0.0002251367103471851
71,g,6.0,0.0,0.5,244.26556143778066,310.26556143778066,12.982356031882125,-0.0005447249845597,11.681226670071485,7.269327505290465e-05,1.9732034441419648,-4.724865838368836e-05,0.7691098191031852,-0.0002233350270419218
72,g,6.0,1.0,0.5,-244.26556143778066,-178.76556143778066,12.982356031882125,-0.0004387749119667279,11.681226670071485,0.0005998156661898631,1.9732034441419648,0.00010952936466890285,0.7691098191031852,-5.950782682603988e-05
73,g,6.0,1.0,0.5,244.26556143778066,309.76556143778066,12.982356031882125,-0.0004549714090892385,11.681226670071485,0.0005991217304058467,1.9732034441419648,0.00010910226842174768,0.7691098191031852,-6.090499551075277e-05
74,h,6.0,1.0,0.5,-244.26556143778066,-263.3655614377807,12.982356031882125,5.8624744642749954e-05,11.681226670071485,-0.00010212196207508856,1.9732034441419648,0.00024652993444948404,0.7691098191031852,-0.0001168212935678509
75,h,6.0,1.0,0.5,244.26556143778066,225.16556143778067,12.982356031882125,5.7078711733443115e-05,11.681226670071485,-0.00010200213127926132,1.9732034441419648,0.00024574672731879815,0.7691098191031852,-0.00012082906438898247
76,g,6.0,2.0,0.5,-244.26556143778066,-171.36556143778066,12.982356031882125,0.000333861148608693,11.681226670071485,0.0001185885020387266,1.9732034441419648,7.201046345557895e-05,0.7691098191031852,-9.860303471318062e-05
77,g,6.0,2.0,0.5,244.26556143778066,317.16556143778064,12.982356031882125,0.0003458296503315637,11.681226670071485,0.0001160341867011365,1.9732034441419648,7.028406342228021e-05,0.7691098191031852,-9.592555689385498e-05
78,h,6.0,2.0,0.5,-244.26556143778066,-219.16556143778067,12.982356031882125,8.254074980010738e-05,11.681226670071485,-0.00016985410205181577,1.9732034441419648,-1.3853570894671548e-05,0.7691098191031852,9.326471584220984e-05
79,h,6.0,2.0,0.5,244.26556143778066,269.3655614377807,12.982356031882125,8.542611125334222e-05,11.681226670071485,-0.00017193727023520858,1.9732034441419648,-1.4012198178054126e-05,0.7691098191031852,9.623675205879319e-05
80,g,6.0,3.0,0.5,-244.26556143778066,-365.76556143778066,12.982356031882125,0.0004819737762232703,11.681226670071485,-0.0003501291796292195,1.9732034441419648,0.00015077429253296902,0.7691098191031852,-0.00014505588673369586
81,g,6.0,3.0,0.5,244.26556143778066,122.76556143778066,12.982356031882125,0.0004857527384244236,11.681226670071485,-0.0003423464661302153,1.9732034441419648,0.00015429238972054004,0.7691098191031852,-0.00014401331911031312
82,h,6.0,3.0,0.5,-244.26556143778066,-191.46556143778065,12.982356031882125,4.145846228599504e-05,11.681226670071485,-2.738466470423482e-05,1.9732034441419648,-2.1593311104869237e-05,0.7691098191031852,-5.2215332709688956e-05
83,h,6.0,3.0,0.5,244.26556143778066,297.0655614377807,12.982356031882125,4.872268170116654e-05,11.681226670071485,-2.3960270013898072e-05,1.9732034441419648,-1.9450070296387043e-05,0.7691098191031852,-5.001142994453765e-05
84,g,6.0,4.0,0.5,-244.26556143778066,-280.46556143778065,12.982356031882125,0.0002662288192656905,11.681226670071485,-0.0003352556658546412,1.9732034441419648,-6.515731681466207e-05,0.7691098191031852,-7.5676972047944026e-06
85,g,6.0,4.0,0.5,244.26556143778066,208.06556143778067,12.982356031882125,0.0002654011458872546,11.681226670071485,-0.00033343767716247894,1.9732034441419648,-6.3070443588073e-05,0.7691098191031852,-6.888058939851859e-06
86,h,6.0,4.0,0.5,-244.26556143778066,-308.76556143778066,12.982356031882125,1.0880778434749492e-05,11.681226670071485,8.179044860612476e-05,1.9732034441419648,-0.00013600663619960432,0.7691098191031852,-7.296157816582798e-05
87,h,6.0,4.0,0.5,244.26556143778066,179.76556143778066,12.982356031882125,1.3631113631238142e-05,11.681226670071485,8.547231940876057e-05,1.9732034441419648,-0.0001352952340438401,0.7691098191031852,-7.313429846302945e-05
88,g,6.0,5.0,0.5,-244.26556143778066,-230.76556143778066,12.982356031882125,8.63110859733991e-05,11.681226670071485,-0.00014859869983521357,1.9732034441419648,-4.731462539577623e-05,0.7691098191031852,1.8100487328457434e-05
89,g,6.0,5.0,0.5,244.26556143778066,257.76556143778066,12.982356031882125,8.608116330828358e-05,11.681226670071485,-0.00014860155494036452,1.9732034441419648,-4.7117223262816014e-05,0.7691098191031852,1.8089908784045273e-05
90,h,6.0,5.0,0.5,-244.26556143778066,-235.36556143778066,12.982356031882125,1.6952257822105298e-06,11.681226670071485,6.80568970719543e-05,1.9732034441419648,5.2971761147893863e-05,0.7691098191031852,-1.0758184958693243e-05
91,h,6.0,5.0,0.5,244.26556143778066,253.16556143778067,12.982356031882125,2.0484099617995243e-06,11.681226670071485,6.876520220506886e-05,1.9732034441419648,5.318494675041211e-05,0.7691098191031852,-1.0715685020956312e-05
92,g,6.0,6.0,0.5,-244.26556143778066,-308.96556143778065,12.982356031882125,1.6489549444357898e-05,11.681226670071485,-3.478527046093551e-05,1.9732034441419648,1.755850608439714e-05,0.7691098191031852,2.958782366592e-06
93,g,6.0,6.0,0.5,244.26556143778066,179.56556143778067,12.982356031882125,1.6476595541743784e-05,11.681226670071485,-3.479354655947775e-05,1.9732034441419648,1.754121669925246e-05,0.7691098191031852,2.9585050512103343e-06
94,h,6.0,6.0,0.5,-244.26556143778066,-176.16556143778067,12.982356031882125,3.6420086745268253e-07,11.681226670071485,2.2509799614489965e-05,1.9732034441419648,5.313061742079647e-06,0.7691098191031852,2.0275695963680664e-06
95,h,6.0,6.0,0.5,244.26556143778066,312.3655614377807,12.982356031882125,3.7948360884783384e-07,11.681226670071485,2.253919436539608e-05,1.9732034441419648,5.349137055933175e-06,0.7691098191031852,2.028577397242604e-06
96,g,7.0,0.0,0.5,-328.4984107455919,-247.89841074559192,12.982356031882125,-0.0003889487717035224,11.681226670071485,0.0001563784572435745,1.9732034441419648,5.249972568135886e-05,0.7691098191031852,-0.0001764199463994399
97,g,7.0,0.0,0.5,328.4984107455919,409.0984107455919,12.982356031882125,-0.0003761086998963272,11.681226670071485,0.000151783397683348,1.9732034441419648,5.06686440872458e-05,0.7691098191031852,-0.00017197788381860535
98,g,7.0,1.0,0.5,-328.4984107455919,-405.1984107455919,12.982356031882125,-0.0006073806671154891,11.681226670071485,-0.0004950573993652693,1.9732034441419648,0.00010086798620945284,0.7691098191031852,-8.566232477672004e-05
99,g,7.0,1.0,0.5,328.4984107455919,251.79841074559192,12.982356031882125,-0.0006306311382312338,11.681226670071485,-0.00048325240340651944,1.9732034441419648,0.00010178683490125343,0.7691098191031852,-8.776716725472735e-05
100,h,7.0,1.0,0.5,-328.4984107455919,-379.9984107455919,12.982356031882125,4.5071613431770714e-05,11.681226670071485,6.005516616135289e-05,1.9732034441419648,0.00020527948212660177,0.7691098191031852,-0.00017982593859558463
101,h,7.0,1.0,0.5,328.4984107455919,276.9984107455919,12.982356031882125,4.3673408018287255e-05,11.681226670071485,6.066088210614105e-05,1.9732034441419648,0.00020937264958513453,0.7691098191031852,-0.0001870196412623896
102,g,7.0,2.0,0.5,-328.4984107455919,-336.6984107455919,12.982356031882125,0.00012289416007544145,11.681226670071485,-0.0003292038032521357,1.9732034441419648,0.00012385036009512223,0.7691098191031852,-5.502679508130956e-05
103,g,7.0,2.0,0.5,328.4984107455919,320.2984107455919,12.982356031882125,0.00013131275643819964,11.681226670071485,-0.00033927328449707733,1.9732034441419648,0.00012062620439945084,0.7691098191031852,-5.270953371886673e-05
104,h,7.0,2.0,0.5,-328.4984107455919,-345.3984107455919,12.982356031882125,8.339900634668954e-05,11.681226670071485,0.00019450687362921026,1.9732034441419648,-9.648174589218272e-05,0.7691098191031852,4.5659486458078556e-05
105,h,7.0,2.0,0.5,328.4984107455919,311.59841074559193,12.982356031882125,8.343285216855256e-05,11.681226670071485,0.00019177477020906363,1.9732034441419648,-9.967889513769352e-05,0.7691098191031852,4.807883271794862e-05
106,g,7.0,3.0,0.5,-328.4984107455919,-271.9984107455919,12.982356031882125,0.00045571001177697974,11.681226670071485,0.0001798070828704344,1.9732034441419648,7.946939795735272e-05,0.7691098191031852,-0.00014511292936446064
107,g,7.0,3.0,0.5,328.4984107455919,384.9984107455919,12.982356031882125,0.0004671008120743639,11.681226670071485,0.00018812602508552832,1.9732034441419648,8.335870137280758e-05,0.7691098191031852,-0.0001421895642940826
108,h,7.0,3.0,0.5,-328.4984107455919,-326.2984107455919,12.982356031882125,4.7707623861499735e-05,11.681226670071485,9.099112596458471e-05,1.9732034441419648,-3.7174226515178684e-05,0.7691098191031852,-5.40071073753729e-05
109,h,7.0,3.0,0.5,328.4984107455919,330.6984107455919,12.982356031882125,5.7385886637210585e-05,11.681226670071485,9.107223150674327e-05,1.9732034441419648,-3.625061352151329e-05,0.7691098191031852,-5.058660973881516e-05
110,g,7.0,4.0,0.5,-328.4984107455919,-312.6984107455919,12.982356031882125,0.0003346693342599778,11.681226670071485,0.0003454615204278695,1.9732034441419648,-7.425001824338024e-05,0.7691098191031852,-9.389484735819436e-06
111,g,7.0,4.0,0.5,328.4984107455919,344.2984107455919,12.982356031882125,0.0003346861458348805,11.681226670071485,0.00035201421420858793,1.9732034441419648,-7.065688009908836e-05,0.7691098191031852,-7.778385178657294e-06
112,h,7.0,4.0,0.5,-328.4984107455919,-304.9984107455919,12.982356031882125,1.1950120333514016e-05,11.681226670071485,-7.502442991201941e-05,1.9732034441419648,-0.00013932394957246632,0.7691098191031852,-9.451514306547312e-05
113,h,7.0,4.0,0.5,328.4984107455919,351.9984107455919,12.982356031882125,1.8060165042348176e-05,11.681226670071485,-6.911587447611628e-05,1.9732034441419648,-0.00013664831560039042,0.7691098191031852,-9.457011792337038e-05
114,g,7.0,5.0,0.5,-328.4984107455919,-322.09841074559193,12.982356031882125,0.00014022449438065224,11.681226670071485,0.0002180714697319204,1.9732034441419648,-6.92160492633285e-05,0.7691098191031852,3.017106524443117e-05
115,g,7.0,5.0,0.5,328.4984107455919,334.8984107455919,12.982356031882125,0.00013962487745901086,11.681226670071485,0.00021908956831787285,1.9732034441419648,-6.839226490967347e-05,0.7691098191031852,3.015461180772523e-05
116,h,7.0,5.0,0.5,-328.4984107455919,-330.6984107455919,12.982356031882125,1.498765512964052e-07,11.681226670071485,-0.00010624782744872408,1.9732034441419648,7.770180782705527e-05,0.7691098191031852,-1.762215911067792e-05
117,h,7.0,5.0,0.5,328.4984107455919,326.2984107455919,12.982356031882125,1.4318543335333108e-06,11.681226670071485,-0.0001039308347500746,1.9732034441419648,7.861921683657188e-05,0.7691098191031852,-1.744805324630775e-05
118,g,7.0,6.0,0.5,-328.4984107455919,-335.6984107455919,12.982356031882125,3.8056898833974626e-05,11.681226670071485,7.660829936162611e-05,1.9732034441419648,3.863458149950225e-05,0.7691098191031852,6.887753231816928e-06
119,g,7.0,6.0,0.5,328.4984107455919,321.2984107455919,12.982356031882125,3.797763774732098e-05,11.681226670071485,7.670182028820516e-05,1.9732034441419648,3.857707425229491e-05,0.7691098191031852,6.887117889011752e-06
120,h,7.0,6.0,0.5,-328.4984107455919,-355.6984107455919,12.982356031882125,-7.855423023466598e-07,11.681226670071485,-5.616705446689396e-05,1.9732034441419648,1.2383234249616432e-05,0.7691098191031852,4.7857347601165895e-06
121,h,7.0,6.0,0.5,328.4984107455919,301.2984107455919,12.982356031882125,-6.743138045250182e-07,11.681226670071485,-5.596229540087378e-05,1.9732034441419648,1.2624019838257478e-05,0.7691098191031852,4.7936949568379115e-06
122,g,7.0,7.0,0.5,-328.4984107455919,-318.6984107455919,12.982356031882125,6.317418880432902e-06,11.681226670071485,1.4891467491065904e-05,1.9732034441419648,-1.0574360711329396e-06,0.7691098191031852,-2.1185608810669477e-07
123,g,7.0,7.0,0.5,328.4984107455919,338.2984107455919,12.982356031882125,6.31435450069435e-06,11.681226670071485,1.4898565098214062e-05,1.9732034441419648,-1.040881647688122e-06,0.7691098191031852,-2.1144633994589708e-07
124,h,7.0,7.0,0.5,-328.4984107455919,-330.2984107455919,12.982356031882125,-1.6031894466415134e-07,11.681226670071485,-1.4944868292747432e-05,1.9732034441419648,-9.057816104931287e-06,0.7691098191031852,1.2212379606294898e-06
125,h,7.0,7.0,0.5,328.4984107455919,326.6984107455919,12.982356031882125,-1.567859154692726e-07,11.681226670071485,-1.4945468209012122e-05,1.9732034441419648,-9.067858724433524e-06,0.7691098191031852,1.2209576827581898e-06
126,g,8.0,0.0,0.5,-441.7782237790679,-418.0782237790679,12.982356031882125,-0.00019218962932167024,11.681226670071485,-0.0002989802594546708,1.9732034441419648,0.00012522332299533964,0.7691098191031852,-0.00011428300261651026
127,g,8.0,0.0,0.5,441.7782237790679,465.4782237790679,12.982356031882125,-0.0001804986905879345,11.681226670071485,-0.00030717300929303574,1.9732034441419648,0.0001208373306881436,0.7691098191031852,-0.00010849251065644965
128,g,8.0,1.0,0.5,-441.7782237790679,-432.0782237790679,12.982356031882125,-0.0006855684017586585,11.681226670071485,0.0002551428883997689,1.9732034441419648,6.691772377577687e-05,0.7691098191031852,-0.00010080578136806992
129,g,8.0,1.0,0.5,441.7782237790679,451.4782237790679,12.982356031882125,-0.0007014090408294096,11.681226670071485,0.0002719762856376533,1.9732034441419648,6.894318854045787e-05,0.7691098191031852,-0.00010282609466150526
130,h,8.0,1.0,0.5,-441.7782237790679,-433.3782237790679,12.982356031882125,3.145531555530613e-05,11.681226670071485,-1.1232806033622636e-05,1.9732034441419648,0.00011946059327580713,0.7691098191031852,-0.0002180246498001141
131,h,8.0,1.0,0.5,441.7782237790679,450.1782237790679,12.982356031882125,3.0839213495794354e-05,11.681226670071485,-1.094926325582604e-05,1.9732034441419648,0.00012630499981966178,0.7691098191031852,-0.0002257117023512513
132,g,8.0,2.0,0.5,-441.7782237790679,-459.3782237790679,12.982356031882125,-9.285013890985819e-05,11.681226670071485,0.0004510696296636098,1.9732034441419648,0.0001471952565794987,0.7691098191031852,-5.478035179474125e-06
133,g,8.0,2.0,0.5,441.7782237790679,424.1782237790679,12.982356031882125,-9.964650984199561e-05,11.681226670071485,0.0004435721097005528,1.9732034441419648,0.00014502828719040273,0.7691098191031852,-5.27966065496923e-06
134,h,8.0,2.0,0.5,-441.7782237790679,-457.0782237790679,12.982356031882125,8.255631763995365e-05,11.681226670071485,-0.00018398646903144787,1.9732034441419648,-0.0001481215269349146,0.7691098191031852,-5.675174657948898e-06
135,h,8.0,2.0,0.5,441.7782237790679,426.4782237790679,12.982356031882125,7.896868445790281e-05,11.681226670071485,-0.00018463003767770224,1.9732034441419648,-0.0001517310313016468,0.7691098191031852,-5.935380196196931e-06
136,g,8.0,3.0,0.5,-441.7782237790679,-442.2782237790679,12.982356031882125,0.0003749284791936125,11.681226670071485,1.2654299205926961e-05,1.9732034441419648,-6.727317125048613e-06,0.7691098191031852,-0.00013110745956897152
137,g,8.0,3.0,0.5,441.7782237790679,441.2782237790679,12.982356031882125,0.0003964361466470287,11.681226670071485,1.3236013727229028e-05,1.9732034441419648,-6.621551352811884e-06,0.7691098191031852,-0.00012536338147498918
138,h,8.0,3.0,0.5,-441.7782237790679,-428.9782237790679,12.982356031882125,5.5902950453412535e-05,11.681226670071485,-0.00015905029363038,1.9732034441419648,-5.197722525184246e-05,0.7691098191031852,-5.07570209118169e-05
139,h,8.0,3.0,0.5,441.7782237790679,454.5782237790679,12.982356031882125,6.612726938889575e-05,11.681226670071485,-0.00016436272521398217,1.9732034441419648,-5.3189011897527595e-05,0.7691098191031852,-4.6209629736738644e-05
140,g,8.0,4.0,0.5,-441.7782237790679,-462.8782237790679,12.982356031882125,0.00038068674400038217,11.681226670071485,-0.00030614993980807026,1.9732034441419648,-7.50485523844084e-05,0.7691098191031852,-1.087601952713939e-05
141,g,8.0,4.0,0.5,441.7782237790679,420.6782237790679,12.982356031882125,0.00038489913375896356,11.681226670071485,-0.0002932975782143239,1.9732034441419648,-7.046546478034477e-05,0.7691098191031852,-7.628000661116608e-06
142,h,8.0,4.0,0.5,-441.7782237790679,-453.4782237790679,12.982356031882125,1.4190832562101718e-05,11.681226670071485,2.2498212159974756e-05,1.9732034441419648,-0.00011458094387685924,0.7691098191031852,-0.00011239743950117402
143,h,8.0,4.0,0.5,441.7782237790679,430.0782237790679,12.982356031882125,2.5549640731475054e-05,11.681226670071485,2.845639180077597e-05,1.9732034441419648,-0.00010932365590974649,0.7691098191031852,-0.00011167597589333342
144,g,8.0,5.0,0.5,-441.7782237790679,-426.4782237790679,12.982356031882125,0.00020071215631095306,11.681226670071485,-0.0002726648370738709,1.9732034441419648,-8.368056553083414e-05,0.7691098191031852,4.458944719266014e-05
145,g,8.0,5.0,0.5,441.7782237790679,457.0782237790679,12.982356031882125,0.00019978625554150495,11.681226670071485,-0.0002680966563434451,1.9732034441419648,-8.124206351871282e-05,0.7691098191031852,4.462513913346859e-05
146,h,8.0,5.0,0.5,-441.7782237790679,-426.8782237790679,12.982356031882125,-1.6446030902789695e-06,11.681226670071485,0.00012209701347154627,1.9732034441419648,9.671772192485897e-05,0.7691098191031852,-2.5665870895356542e-05
147,h,8.0,5.0,0.5,441.7782237790679,456.6782237790679,12.982356031882125,1.9997757059412715e-06,11.681226670071485,0.00012770999659243845,1.9732034441419648,9.940136739589648e-05,0.7691098191031852,-2.5101792832614745e-05
148,g,8.0,6.0,0.5,-441.7782237790679,-428.0782237790679,12.982356031882125,6.935765088797967e-05,11.681226670071485,-0.00012785932895344722,1.9732034441419648,6.436341342327586e-05,0.7691098191031852,1.2761459795830667e-05
149,g,8.0,6.0,0.5,441.7782237790679,455.4782237790679,12.982356031882125,6.90704053157003e-05,11.681226670071485,-0.00012701920420816855,1.9732034441419648,6.438100847763222e-05,0.7691098191031852,1.2765919889673913e-05
150,h,8.0,6.0,0.5,-441.7782237790679,-438.1782237790679,12.982356031882125,-2.699545382641786e-06,11.681226670071485,9.676238994744317e-05,1.9732034441419648,2.034489641082589e-05,0.7691098191031852,9.066990656337099e-06
151,h,8.0,6.0,0.5,441.7782237790679,445.3782237790679,12.982356031882125,-2.1934244931495444e-06,11.681226670071485,9.774228603003768e-05,1.9732034441419648,2.129845032982318e-05,0.7691098191031852,9.10686254409227e-06
152,g,8.0,7.0,0.5,-441.7782237790679,-458.2782237790679,12.982356031882125,1.6394503713695757e-05,11.681226670071485,-3.650625241192637e-05,1.9732034441419648,-2.310481234574979e-06,0.7691098191031852,-5.98498672777497e-07
153,g,8.0,7.0,0.5,441.7782237790679,425.2782237790679,12.982356031882125,1.6370102533398334e-05,11.681226670071485,-3.638784888482407e-05,1.9732034441419648,-2.1688504233346635e-06,0.7691098191031852,-5.945804859148163e-07
154,h,8.0,7.0,0.5,-441.7782237790679,-448.6782237790679,12.982356031882125,-1.0207596091012708e-06,11.681226670071485,4.0299660196340245e-05,1.9732034441419648,-2.2622219331543234e-05,0.7691098191031852,3.232394246707002e-06
155,h,8.0,7.0,0.5,441.7782237790679,434.8782237790679,12.982356031882125,-9.883515422148454e-07,11.681226670071485,4.03037176352815e-05,1.9732034441419648,-2.2684839411710027e-05,0.7691098191031852,3.2300941632239067e-06
156,g,8.0,8.0,0.5,-441.7782237790679,-442.0782237790679,12.982356031882125,2.4277259014304256e-06,11.681226670071485,-5.875444145999657e-06,1.9732034441419648,-3.965117104610343e-06,0.7691098191031852,-4.1831214842453217e-07
157,g,8.0,8.0,0.5,441.7782237790679,441.4782237790679,12.982356031882125,2.427019979880801e-06,11.681226670071485,-5.8683432149849406e-06,1.9732034441419648,-3.966911669187975e-06,0.7691098191031852,-4.183637935484566e-07
158,h,8.0,8.0,0.5,-441.7782237790679,-438.9782237790679,12.982356031882125,-1.773700748913116e-07,11.681226670071485,9.15477968963925e-06,1.9732034441419648,2.2902885805498535e-06,0.7691098191031852,1.0874533344300203e-07
159,h,8.0,8.0,0.5,441.7782237790679,444.5782237790679,12.982356031882125,-1.765716998288852e-07,11.681226670071485,9.149704606919917e-06,1.9732034441419648,2.2943725499604386e-06,0.7691098191031852,1.0881825822642845e-07
160,g,9.0,0.0,0.5,-594.1215927420043,-589.1215927420043,12.982356031882125,1.4364110673205741e-05,11.681226670071485,0.0003464876518500217,1.9732034441419648,0.00015350673944992523,0.7691098191031852,-4.4897049369017806e-05
161,g,9.0,0.0,0.5,594.1215927420043,599.1215927420043,12.982356031882125,1.3198697523277244e-05,11.681226670071485,0.00034591042403367005,1.9732034441419648,0.0001514368717823764,0.7691098191031852,-4.1184820791957836e-05
162,g,9.0,1.0,0.5,-594.1215927420043,-585.7215927420043,12.982356031882125,-0.0006738408263919713,11.681226670071485,6.7613446063222005e-06,1.9732034441419648,2.012079670408147e-05,0.7691098191031852,-0.00010428261377542663
163,g,9.0,1.0,0.5,594.1215927420043,602.5215927420043,12.982356031882125,-0.0006619002550898811,11.681226670071485,7.755049177821454e-06,1.9732034441419648,2.1376965552755175e-05,0.7691098191031852,-0.00010491264613182478
164,h,9.0,1.0,0.5,-594.1215927420043,-617.5215927420043,12.982356031882125,1.8030227193590267e-05,11.681226670071485,-3.527942943011947e-05,1.9732034441419648,1.618269806480832e-05,0.7691098191031852,-0.00023050650577190337
165,h,9.0,1.0,0.5,594.1215927420043,570.7215927420043,12.982356031882125,1.8515489986226362e-05,11.681226670071485,-3.6144213834786254e-05,1.9732034441419648,1.777056049487613e-05,0.7691098191031852,-0.00023318521574460923
166,g,9.0,2.0,0.5,-594.1215927420043,-591.2215927420043,12.982356031882125,-0.0002857145429528225,11.681226670071485,-0.00044009070025799257,1.9732034441419648,0.00013583180986433154,0.7691098191031852,4.5009812150128225e-05
167,g,9.0,2.0,0.5,594.1215927420043,597.0215927420043,12.982356031882125,-0.0003177884724714802,11.681226670071485,-0.00042945611400899716,1.9732034441419648,0.0001380143287258688,0.7691098191031852,4.098997849871708e-05
168,h,9.0,2.0,0.5,-594.1215927420043,-583.1215927420043,12.982356031882125,7.854587928555755e-05,11.681226670071485,0.00013957299243851196,1.9732034441419648,-0.0001605165367929822,0.7691098191031852,-5.493462014986225e-05
169,h,9.0,2.0,0.5,594.1215927420043,605.1215927420043,12.982356031882125,7.1970929259553e-05,11.681226670071485,0.00014242638262266556,1.9732034441419648,-0.0001590940410572078,0.7691098191031852,-6.031884129045507e-05
170,g,9.0,3.0,0.5,-594.1215927420043,-595.6215927420043,12.982356031882125,0.0002482231650459161,11.681226670071485,-0.00019034200539285777,1.9732034441419648,-8.81243290615298e-05,0.7691098191031852,-0.00010280422120066655
171,g,9.0,3.0,0.5,594.1215927420043,592.6215927420043,12.982356031882125,0.00027615653010372166,11.681226670071485,-0.00020262774273360897,1.9732034441419648,-9.520915599973693e-05,0.7691098191031852,-9.437584635220249e-05
172,h,9.0,3.0,0.5,-594.1215927420043,-584.3215927420043,12.982356031882125,6.593522247238218e-05,11.681226670071485,0.0002201366466389383,1.9732034441419648,-6.218826674086127e-05,0.7691098191031852,-4.205377476396584e-05
173,h,9.0,3.0,0.5,594.1215927420043,603.9215927420042,12.982356031882125,7.316612947639869e-05,11.681226670071485,0.00021140261499465705,1.9732034441419648,-6.508220078918064e-05,0.7691098191031852,-3.7085132395235124e-05
174,g,9.0,4.0,0.5,-594.1215927420043,-595.2215927420043,12.982356031882125,0.0003919245506259845,11.681226670071485,0.00018526456971894604,1.9732034441419648,-6.641136230000839e-05,0.7691098191031852,-1.1887446677307326e-05
175,g,9.0,4.0,0.5,594.1215927420043,593.0215927420043,12.982356031882125,0.00040658381149026845,11.681226670071485,0.00020029842964276054,1.9732034441419648,-6.244495928054652e-05,0.7691098191031852,-6.222944251655128e-06
176,h,9.0,4.0,0.5,-594.1215927420043,-599.2215927420043,12.982356031882125,1.8169868284509893e-05,11.681226670071485,4.993340674598145e-05,1.9732034441419648,-6.244609317439702e-05,0.7691098191031852,-0.00012372859201112546
177,h,9.0,4.0,0.5,594.1215927420043,589.0215927420043,12.982356031882125,3.603420902282715e-05,11.681226670071485,5.047834243223963e-05,1.9732034441419648,-5.6945045922693936e-05,0.7691098191031852,-0.00012079558187222942
178,g,9.0,5.0,0.5,-594.1215927420043,-607.3215927420043,12.982356031882125,0.000260108161233597,11.681226670071485,0.00028190581172972564,1.9732034441419648,-8.457597283942438e-05,0.7691098191031852,5.992737745056682e-05
179,g,9.0,5.0,0.5,594.1215927420043,580.9215927420042,12.982356031882125,0.0002600633091526824,11.681226670071485,0.0002937509601702271,1.9732034441419648,-7.934354590202702e-05,0.7691098191031852,6.027358774860226e-05
180,h,9.0,5.0,0.5,-594.1215927420043,-600.4215927420042,12.982356031882125,-3.6517148208923976e-06,11.681226670071485,-0.0001197468865772625,1.9732034441419648,0.0001042099577242089,0.7691098191031852,-3.428713298128337e-05
181,h,9.0,5.0,0.5,594.1215927420043,587.8215927420043,12.982356031882125,4.954379514797833e-06,11.681226670071485,-0.00010976028100291707,1.9732034441419648,0.00011004954558248138,0.7691098191031852,-3.2758095351172894e-05
182,g,9.0,6.0,0.5,-594.1215927420043,-593.0215927420043,12.982356031882125,0.00011021027867283385,11.681226670071485,0.00017676527782113188,1.9732034441419648,8.991290897145103e-05,0.7691098191031852,2.0674096765560377e-05
183,g,9.0,6.0,0.5,594.1215927420043,595.2215927420043,12.982356031882125,0.00010950023781489461,11.681226670071485,0.00018030320162372145,1.9732034441419648,9.071960588182321e-05,0.7691098191031852,2.0720058125227618e-05
184,h,9.0,6.0,0.5,-594.1215927420043,-586.3215927420043,12.982356031882125,-5.4773571733420605e-06,11.681226670071485,-0.00013710560145414828,1.9732034441419648,2.6563907671350922e-05,0.7691098191031852,1.4982111539882531e-05
185,h,9.0,6.0,0.5,594.1215927420043,601.9215927420042,12.982356031882125,-3.7177174223296774e-06,11.681226670071485,-0.00013361433901070682,1.9732034441419648,2.929452980489564e-05,0.7691098191031852,1.5137787352123731e-05
186,g,9.0,7.0,0.5,-594.1215927420043,-585.3215927420043,12.982356031882125,3.2887588216545986e-05,11.681226670071485,6.632666282445419e-05,1.9732034441419648,-4.384735001775274e-06,0.7691098191031852,-1.3268171888162848e-06
187,g,9.0,7.0,0.5,594.1215927420043,602.9215927420042,12.982356031882125,3.277489598759201e-05,11.681226670071485,6.708693675974337e-05,1.9732034441419648,-3.7123038584959423e-06,0.7691098191031852,-1.3040935920650443e-06
188,h,9.0,7.0,0.5,-594.1215927420043,-593.7215927420043,12.982356031882125,-2.6175921259604916e-06,11.681226670071485,-7.710552885165744e-05,1.9732034441419648,-4.1882622044050726e-05,0.7691098191031852,6.655902055995953e-06
189,h,9.0,7.0,0.5,594.1215927420043,594.5215927420043,12.982356031882125,-2.43931570571845e-06,11.681226670071485,-7.69386122622032e-05,1.9732034441419648,-4.205106170526355e-05,0.7691098191031852,6.644818554586587e-06
190,g,9.0,8.0,0.5,-594.1215927420043,-603.4215927420042,12.982356031882125,6.946339598296995e-06,11.681226670071485,1.5482748636725168e-05,1.9732034441419648,-1.1011854130310508e-05,0.7691098191031852,-1.235249857489542e-06
191,g,9.0,8.0,0.5,594.1215927420043,584.8215927420043,12.982356031882125,6.939382447016564e-06,11.681226670071485,1.5577019790969797e-05,1.9732034441419648,-1.102461924933579e-05,0.7691098191031852,-1.235788194928408e-06
192,h,9.0,8.0,0.5,-594.1215927420043,-595.5215927420043,12.982356031882125,-7.289663625096071e-07,11.681226670071485,-2.6571795233840015e-05,1.9732034441419648,6.123729276472083e-06,0.7691098191031852,3.0231125823480835e-07
193,h,9.0,8.0,0.5,594.1215927420043,592.7215927420043,12.982356031882125,-7.200407437117588e-07,11.681226670071485,-2.6616804752538473e-05,1.9732034441419648,6.1697610405962476e-06,0.7691098191031852,3.0319614719521485e-07
194,g,9.0,9.0,0.5,-594.1215927420043,-606.0215927420043,12.982356031882125,9.346480528020778e-07,11.681226670071485,1.9723708926847603e-06,1.9732034441419648,1.8592057240269847e-06,0.7691098191031852,-9.525951152190456e-08
195,g,9.0,9.0,0.5,594.1215927420043,582.2215927420043,12.982356031882125,9.344809258656018e-07,11.681226670071485,1.976627829635074e-06,1.9732034441419648,1.8591552618905772e-06,0.7691098191031852,-9.52560596167682e-08
196,h,9.0,9.0,0.5,-594.1215927420043,-584.5215927420043,12.982356031882125,-1.1280585176643441e-07,11.681226670071485,-5.292673641113803e-06,1.9732034441419648,1.3801036484692955e-06,0.7691098191031852,-1.1838913275857765e-07
197,h,9.0,9.0,0.5,594.1215927420043,603.7215927420043,12.982356031882125,-1.1262590382077662e-07,11.681226670071485,-5.296298505959719e-06,1.9732034441419648,1.3809658158190889e-06,0.7691098191031852,-1.1838997284302019e-07
198,g,10.0,0.0,0.5,-798.9992443331042,-800.8992443331042,12.982356031882125,0.00020331009175464688,11.681226670071485,-0.0002916631106614975,1.9732034441419648,0.00013462718938183022,0.7691098191031852,2.474465640752151e-05
199,g,10.0,0.0,0.5,798.9992443331042,797.0992443331043,12.982356031882125,0.00017997449764514667,11.681226670071485,-0.00027697364988503865,1.9732034441419648,0.00013997137132871592,0.7691098191031852,2.1821749227004476e-05
200,g,10.0,1.0,0.5,-798.9992443331042,-805.1992443331043,12.982356031882125,-0.0005796426726426141,11.681226670071485,-0.0002333040293798156,1.9732034441419648,-2.579734682558793e-05,0.7691098191031852,-9.649107437868219e-05
201,g,10.0,1.0,0.5,798.9992443331042,792.7992443331042,12.982356031882125,-0.0005276005390214385,11.681226670071485,-0.00025945958010804317,1.9732034441419648,-2.725672149065459e-05,0.7691098191031852,-9.443600152809054e-05
202,h,10.0,1.0,0.5,-798.9992443331042,-795.5992443331043,12.982356031882125,5.468716686742009e-06,11.681226670071485,7.044856632872847e-05,1.9732034441419648,-7.732973707552624e-05,0.7691098191031852,-0.000218539828002312
203,h,10.0,1.0,0.5,798.9992443331042,802.3992443331042,12.982356031882125,6.790850618090153e-06,11.681226670071485,6.868040030506686e-05,1.9732034441419648,-8.760030982268189e-05,0.7691098191031852,-0.00020998467748584672
204,g,10.0,2.0,0.5,-798.9992443331042,-799.0992443331043,12.982356031882125,-0.0004346187974832943,11.681226670071485,0.00029384232885339487,1.9732034441419648,9.39996930949163e-05,0.7691098191031852,9.047073751767134e-05
205,g,10.0,2.0,0.5,798.9992443331042,798.8992443331042,12.982356031882125,-0.0004885857872745028,11.681226670071485,0.0003241348537537628,1.9732034441419648,0.00010055078009243479,0.7691098191031852,8.114204388153464e-05
206,h,10.0,2.0,0.5,-798.9992443331042,-799.1992443331043,12.982356031882125,7.007622745274641e-05,11.681226670071485,-7.20605793471106e-05,1.9732034441419648,-0.00013339058527970778,0.7691098191031852,-9.692361360618712e-05
207,h,10.0,2.0,0.5,798.9992443331042,798.7992443331042,12.982356031882125,6.286334745163381e-05,11.681226670071485,-6.83228121391594e-05,1.9732034441419648,-0.00012411610848327937,0.7691098191031852,-0.00010854127932319927
208,g,10.0,3.0,0.5,-798.9992443331042,-797.2992443331042,12.982356031882125,9.360396860743707e-05,11.681226670071485,0.0003284547129720458,1.9732034441419648,-0.00014778939894543436,0.7691098191031852,-6.114826883235768e-05
209,g,10.0,3.0,0.5,798.9992443331042,800.6992443331043,12.982356031882125,0.00011335165585000487,11.681226670071485,0.00031289431776680227,1.9732034441419648,-0.00015849233201176448,0.7691098191031852,-5.2688576819833185e-05
210,h,10.0,3.0,0.5,-798.9992443331042,-795.3992443331042,12.982356031882125,7.704388093441775e-05,11.681226670071485,-0.00023144526997031424,1.9732034441419648,-6.477694337074803e-05,0.7691098191031852,-2.8086804637755593e-05
211,h,10.0,3.0,0.5,798.9992443331042,802.5992443331043,12.982356031882125,7.690204326253928e-05,11.681226670071485,-0.00023637451764317626,1.9732034441419648,-6.71453356509543e-05,0.7691098191031852,-2.4212993211437985e-05
212,g,10.0,4.0,0.5,-798.9992443331042,-799.8992443331042,12.982356031882125,0.00036054082549664284,11.681226670071485,-5.207906978545989e-05,1.9732034441419648,-4.926400750630068e-05,0.7691098191031852,-1.218546800473102e-05
213,g,10.0,4.0,0.5,798.9992443331042,798.0992443331043,12.982356031882125,0.00039324351733859936,11.681226670071485,-4.599592823154806e-05,1.9732034441419648,-4.797959111157399e-05,0.7691098191031852,-3.607959412178934e-06
214,h,10.0,4.0,0.5,-798.9992443331042,-794.1992443331043,12.982356031882125,2.4912684913266478e-05,11.681226670071485,-0.00013298969909077585,1.9732034441419648,9.825083714480353e-06,0.7691098191031852,-0.0001262718587207166
215,h,10.0,4.0,0.5,798.9992443331042,803.7992443331042,12.982356031882125,4.841211448362932e-05,11.681226670071485,-0.00014393978203365996,1.9732034441419648,9.21551528632743e-06,0.7691098191031852,-0.0001189178660689482
216,g,10.0,5.0,0.5,-798.9992443331042,-798.2992443331042,12.982356031882125,0.0003081437140995092,11.681226670071485,-0.0002717956228050283,1.9732034441419648,-6.764694475791746e-05,0.7691098191031852,7.411014955086741e-05
217,g,10.0,5.0,0.5,798.9992443331042,799.6992443331043,12.982356031882125,0.0003130762440203727,11.681226670071485,-0.0002508440023911149,1.9732034441419648,-5.9788043865587246e-05,0.7691098191031852,7.551733435934411e-05
218,h,10.0,5.0,0.5,-798.9992443331042,-807.5992443331043,12.982356031882125,-5.738079539836261e-06,11.681226670071485,6.238201972021503e-05,1.9732034441419648,9.670596501807832e-05,0.7691098191031852,-4.2733567497653076e-05
219,h,10.0,5.0,0.5,798.9992443331042,790.3992443331042,12.982356031882125,1.1624964870620658e-05,11.681226670071485,7.399148314016973e-05,1.9732034441419648,0.00010632542811578049,0.7691098191031852,-3.9156689137667154e-05
220,g,10.0,6.0,0.5,-798.9992443331042,-799.8992443331042,12.982356031882125,0.0001582457847781086,11.681226670071485,-0.0002236066587408195,1.9732034441419648,0.0001084389193068248,0.7691098191031852,3.032482347227915e-05
221,g,10.0,6.0,0.5,798.9992443331042,798.0992443331043,12.982356031882125,0.00015715046494289007,11.681226670071485,-0.0002135763541113746,1.9732034441419648,0.00011203724059654448,0.7691098191031852,3.056100993521262e-05
222,h,10.0,6.0,0.5,-798.9992443331042,-799.0992443331043,12.982356031882125,-9.295845215373826e-06,11.681226670071485,0.0001520113011806069,1.9732034441419648,2.7855216513187926e-05,0.7691098191031852,2.232491792110183e-05
223,h,10.0,6.0,0.5,798.9992443331042,798.8992443331042,12.982356031882125,-4.262575398523477e-06,11.681226670071485,0.0001613082343204464,1.9732034441419648,3.386392587009974e-05,0.7691098191031852,2.2834368657957845e-05
224,g,10.0,7.0,0.5,-798.9992443331042,-797.0992443331043,12.982356031882125,5.703573976717673e-05,11.681226670071485,-0.00010453602159236347,1.9732034441419648,-7.866669241933734e-06,0.7691098191031852,-2.5315501156979514e-06
225,g,10.0,7.0,0.5,798.9992443331042,800.8992443331042,12.982356031882125,5.6669152835901645e-05,11.681226670071485,-0.00010146569890841155,1.9732034441419648,-5.6147701761421095e-06,0.7691098191031852,-2.4324288285726974e-06
226,h,10.0,7.0,0.5,-798.9992443331042,-803.2992443331042,12.982356031882125,-5.166727236904439e-06,11.681226670071485,0.00011910564453914496,1.9732034441419648,-6.489047031077735e-05,0.7691098191031852,1.186226044926901e-05
227,h,10.0,7.0,0.5,798.9992443331042,794.6992443331043,12.982356031882125,-4.431658672040139e-06,11.681226670071485,0.00012039227501658302,1.9732034441419648,-6.495159139716294e-05,0.7691098191031852,1.1824835210314293e-05
228,g,10.0,8.0,0.5,-798.9992443331042,-797.5992443331043,12.982356031882125,1.512861341660032e-05,11.681226670071485,-3.093169122940567e-05,1.9732034441419648,-2.233341141567525e-05,0.7691098191031852,-2.7834513413273423e-06
229,g,10.0,8.0,0.5,798.9992443331042,800.3992443331042,12.982356031882125,1.5089579635198753e-05,11.681226670071485,-3.0326905521357188e-05,1.9732034441419648,-2.2360491105518048e-05,0.7691098191031852,-2.786736583525747e-06
230,h,10.0,8.0,0.5,-798.9992443331042,-802.3992443331042,12.982356031882125,-1.8328736404033752e-06,11.681226670071485,5.520523302210086e-05,1.9732034441419648,1.221178572151771e-05,0.7691098191031852,6.382626179656724e-07
231,h,10.0,8.0,0.5,798.9992443331042,795.5992443331043,12.982356031882125,-1.7751397185672716e-06,11.681226670071485,5.505047640761583e-05,1.9732034441419648,1.2487528234121406e-05,0.7691098191031852,6.44457603145056e-07
232,g,10.0,9.0,0.5,-798.9992443331042,-801.3992443331042,12.982356031882125,2.9064619398405596e-06,11.681226670071485,-5.485958018792025e-06,1.9732034441419648,5.507476897779877e-06,0.7691098191031852,-3.00046025015747e-07
233,g,10.0,9.0,0.5,798.9992443331042,796.5992443331043,12.982356031882125,2.904579826679299e-06,11.681226670071485,-5.427325059839267e-06,1.9732034441419648,5.509989845238153e-06,0.7691098191031852,-2.999613069396898e-07
234,h,10.0,9.0,0.5,-798.9992443331042,-799.0992443331043,12.982356031882125,-4.3177787992753115e-07,11.681226670071485,1.647724624985299e-05,1.9732034441419648,4.205432610630659e-06,0.7691098191031852,-3.8553963055427293e-07
235,h,10.0,9.0,0.5,798.9992443331042,798.8992443331042,12.982356031882125,-4.2943193347172527e-07,11.681226670071485,1.643810529941468e-05,1.9732034441419648,4.2166878867574805e-06,0.7691098191031852,-3.855514067824583e-07
236,g,10.0,10.0,0.5,-798.9992443331042,-802.7992443331042,12.982356031882125,3.601525090202329e-07,11.681226670071485,-4.232131705965175e-07,1.9732034441419648,2.693308687683842e-07,0.7691098191031852,2.4467689063391424e-08
237,g,10.0,10.0,0.5,798.9992443331042,795.1992443331043,12.982356031882125,3.601088737425304e-07,11.681226670071485,-4.211781107212751e-07,1.9732034441419648,2.701560683736907e-07,0.7691098191031852,2.4467863706779578e-08
238,h,10.0,10.0,0.5,-798.9992443331042,-807.7992443331042,12.982356031882125,-6.063117781927602e-08,11.681226670071485,2.9246163739360844e-06,1.9732034441419648,-1.1449771500631827e-06,0.7691098191031852,-4.7868129350546816e-08
239,h,10.0,10.0,0.5,798.9992443331042,790.1992443331043,12.982356031882125,-6.059173729549772e-08,11.681226670071485,2.922780378659178e-06,1.9732034441419648,-1.1455124036055715e-06,0.7691098191031852,-4.78697012848552e-08
240,g,11.0,0.0,0.5,-1074.5271679127382,-1071.5271679127382,12.982356031882125,0.00034458437870897547,11.681226670071485,0.00013630529318899172,1.9732034441419648,8.103738287985596e-05,0.7691098191031852,8.652885157527081e-05
241,g,11.0,0.0,0.5,1074.5271679127382,1077.5271679127382,12.982356031882125,0.00030329870298152534,11.681226670071485,0.00015530978528104303,1.9732034441419648,9.149686527529393e-05,0.7691098191031852,7.414925853037262e-05
242,g,11.0,1.0,0.5,-1074.5271679127382,-1075.9271679127382,12.982356031882125,-0.0004125153417949733,11.681226670071485,0.00040292744260246393,1.9732034441419648,-5.970271667478174e-05,0.7691098191031852,-7.867233464349768e-05
243,g,11.0,1.0,0.5,1074.5271679127382,1073.127167912738,12.982356031882125,-0.000333819631396938,11.681226670071485,0.00037443214646629,1.9732034441419648,-6.305679023566257e-05,0.7691098191031852,-7.36108669229667e-05
244,h,11.0,1.0,0.5,-1074.5271679127382,-1074.5271679127382,12.982356031882125,-5.3691994432803315e-06,11.681226670071485,-8.229045910895086e-05,1.9732034441419648,-0.00014193311900500234,0.7691098191031852,-0.00018457223164882063
245,h,11.0,1.0,0.5,1074.5271679127382,1074.5271679127382,12.982356031882125,-4.086554339568834e-06,11.681226670071485,-8.332125765091121e-05,1.9732034441419648,-0.00015766865960316128,0.7691098191031852,-0.00016221644138690556
246,g,11.0,2.0,0.5,-1074.5271679127382,-1077.0271679127382,12.982356031882125,-0.0005284222926769682,11.681226670071485,-0.00012190114616257374,1.9732034441419648,3.493802750516251e-05,0.7691098191031852,0.00012432056707352304
247,g,11.0,2.0,0.5,1074.5271679127382,1072.0271679127382,12.982356031882125,-0.0005770604381015983,11.681226670071485,-9.87135811381383e-05,1.9732034441419648,3.9568171523744506e-05,0.7691098191031852,0.00011154595306758628
248,h,11.0,2.0,0.5,-1074.5271679127382,-1072.0271679127382,12.982356031882125,5.659321904982415e-05,11.681226670071485,-1.1892135778234817e-05,1.9732034441419648,-7.31602962707589e-05,0.7691098191031852,-0.00012799980314010952
249,h,11.0,2.0,0.5,1074.5271679127382,1077.0271679127382,12.982356031882125,5.220376475243283e-05,11.681226670071485,-1.3247641455971062e-05,1.9732034441419648,-6.200411717828658e-05,0.7691098191031852,-0.0001433377584572576
250,g,11.0,3.0,0.5,-1074.5271679127382,-1072.2271679127382,12.982356031882125,-6.612050503993205e-05,11.681226670071485,-0.0003582145254419554,1.9732034441419648,-0.00017533127547876955,0.7691098191031852,-7.99111880333403e-06
251,g,11.0,3.0,0.5,1074.5271679127382,1076.827167912738,12.982356031882125,-7.984269750473019e-05,11.681226670071485,-0.00035296390176972516,1.9732034441419648,-0.00017707740833793834,0.7691098191031852,-5.758506558822983e-06
252,h,11.0,3.0,0.5,-1074.5271679127382,-1075.127167912738,12.982356031882125,8.729537519591975e-05,11.681226670071485,0.00020287370565092415,1.9732034441419648,-5.793965589792921e-05,0.7691098191031852,-9.701120703029522e-06
253,h,11.0,3.0,0.5,1074.5271679127382,1073.9271679127382,12.982356031882125,7.656756211796132e-05,11.681226670071485,0.0002092890168498118,1.9732034441419648,-5.71765106603522e-05,0.7691098191031852,-9.141127656683661e-06
254,g,11.0,4.0,0.5,-1074.5271679127382,-1075.4271679127382,12.982356031882125,0.00028685281327222857,11.681226670071485,-9.278509332455219e-05,1.9732034441419648,-2.6895039196733698e-05,0.7691098191031852,-1.1357691099132328e-05
255,g,11.0,4.0,0.5,1074.5271679127382,1073.627167912738,12.982356031882125,0.0003411212964080412,11.681226670071485,-0.00010560059206171673,1.9732034441419648,-2.922071630897553e-05,0.7691098191031852,-2.139774789543465e-07
256,h,11.0,4.0,0.5,-1074.5271679127382,-1074.9271679127382,12.982356031882125,3.5864932817616954e-05,11.681226670071485,0.00022645099036330078,1.9732034441419648,8.733787806808059e-05,0.7691098191031852,-0.00011853927041119159
257,h,11.0,4.0,0.5,1074.5271679127382,1074.127167912738,12.982356031882125,6.0412336748204866e-05,11.681226670071485,0.00020487975131345886,1.9732034441419648,7.446793859578596e-05,0.7691098191031852,-0.00010458812483999066
258,g,11.0,5.0,0.5,-1074.5271679127382,-1074.2271679127382,12.982356031882125,0.00033328077766116515,11.681226670071485,0.00017885875905624684,1.9732034441419648,-3.152542783442976e-05,0.7691098191031852,8.45648775294247e-05
259,g,11.0,5.0,0.5,1074.5271679127382,1074.827167912738,12.982356031882125,0.00035210736806522185,11.681226670071485,0.00020369843698553677,1.9732034441419648,-2.4972045528883524e-05,0.7691098191031852,8.869431103319019e-05
260,h,11.0,5.0,0.5,-1074.5271679127382,-1073.9271679127382,12.982356031882125,-7.463590582951546e-06,11.681226670071485,9.644347030319243e-06,1.9732034441419648,7.46536081963783e-05,0.7691098191031852,-5.021020254512021e-05
261,h,11.0,5.0,0.5,1074.5271679127382,1075.127167912738,12.982356031882125,2.2821291332747488e-05,11.681226670071485,1.3013547692157525e-05,1.9732034441419648,8.612299076667054e-05,0.7691098191031852,-4.2866881311659175e-05
262,g,11.0,6.0,0.5,-1074.5271679127382,-1075.2271679127382,12.982356031882125,0.00020848589407001142,11.681226670071485,0.00022615405583377017,1.9732034441419648,0.00011306694239055331,0.7691098191031852,4.09267733115983e-05
263,g,11.0,6.0,0.5,1074.5271679127382,1073.827167912738,12.982356031882125,0.0002083953558649225,11.681226670071485,0.00024718082356305234,1.9732034441419648,0.00012283229312218475,0.7691098191031852,4.1815094641849084e-05
264,h,11.0,6.0,0.5,-1074.5271679127382,-1074.7271679127382,12.982356031882125,-1.4513052448398351e-05,11.681226670071485,-0.00015776184726520724,1.9732034441419648,2.182045419776542e-05,0.7691098191031852,3.0487601370223223e-05
265,h,11.0,6.0,0.5,1074.5271679127382,1074.327167912738,12.982356031882125,-2.2228803482138163e-06,11.681226670071485,-0.00013955352362962623,1.9732034441419648,3.2049739468045456e-05,0.7691098191031852,3.193547679266574e-05
266,g,11.0,7.0,0.5,-1074.5271679127382,-1074.627167912738,12.982356031882125,8.913876588480405e-05,11.681226670071485,0.0001355530031448354,1.9732034441419648,-1.3465602690698926e-05,0.7691098191031852,-4.357634465177541e-06
267,g,11.0,7.0,0.5,1074.5271679127382,1074.4271679127382,12.982356031882125,8.827236251592164e-05,11.681226670071485,0.00014457667080136597,1.9732034441419648,-7.678508989825778e-06,0.7691098191031852,-4.003795427434397e-06
268,h,11.0,7.0,0.5,-1074.5271679127382,-1076.2271679127382,12.982356031882125,-8.963550695832325e-06,11.681226670071485,-0.00016128629302244682,1.9732034441419648,-8.803636408132994e-05,0.7691098191031852,1.9069361135144592e-05
269,h,11.0,7.0,0.5,1074.5271679127382,1072.827167912738,12.982356031882125,-6.4924055257661755e-06,11.681226670071485,-0.00015571101548363998,1.9732034441419648,-8.668866431503611e-05,0.7691098191031852,1.897886452707421e-05
270,g,11.0,8.0,0.5,-1074.5271679127382,-1073.127167912738,12.982356031882125,2.8287139251908268e-05,11.681226670071485,4.982363653501077e-05,1.9732034441419648,-3.767148892276291e-05,0.7691098191031852,-5.374530291965418e-06
271,g,11.0,8.0,0.5,1074.5271679127382,1075.9271679127382,12.982356031882125,2.8131792604046576e-05,11.681226670071485,5.239466758272472e-05,1.9732034441419648,-3.756163591773583e-05,0.7691098191031852,-5.388751373231591e-06
272,h,11.0,8.0,0.5,-1074.5271679127382,-1076.127167912738,12.982356031882125,-3.727960009508117e-06,11.681226670071485,-9.351206305393891e-05,1.9732034441419648,2.0396193051848917e-05,0.7691098191031852,1.1552677321549465e-06
273,h,11.0,8.0,0.5,1074.5271679127382,1072.9271679127382,12.982356031882125,-3.4518985384292944e-06,11.681226670071485,-9.357879739593412e-05,1.9732034441419648,2.1543764014416945e-05,0.7691098191031852,1.187114929657451e-06
274,g,11.0,9.0,0.5,-1074.5271679127382,-1075.127167912738,12.982356031882125,6.801563634016091e-06,11.681226670071485,1.1088583653041717e-05,1.9732034441419648,1.196951820395448e-05,0.7691098191031852,-7.124453381562654e-07
275,g,11.0,9.0,0.5,1074.5271679127382,1073.9271679127382,12.982356031882125,6.789188547028367e-06,11.681226670071485,1.1496059134260185e-05,1.9732034441419648,1.2005068951591987e-05,0.7691098191031852,-7.116793216364625e-07
276,h,11.0,9.0,0.5,-1074.5271679127382,-1077.5271679127382,12.982356031882125,-1.1134533138685168e-06,11.681226670071485,-3.649178620302713e-05,1.9732034441419648,9.216203748955177e-06,0.7691098191031852,-9.43624813721526e-07
277,h,11.0,9.0,0.5,1074.5271679127382,1071.5271679127382,12.982356031882125,-1.0959278341059087e-06,11.681226670071485,-3.668856369244341e-05,1.9732034441419648,9.298820896031504e-06,0.7691098191031852,-9.43690086726484e-07
278,g,11.0,10.0,0.5,-1074.5271679127382,-1074.327167912738,12.982356031882125,1.2040742086366995e-06,11.681226670071485,1.0567319139956057e-06,1.9732034441419648,9.099940537368767e-07,0.7691098191031852,8.780104612055806e-08
279,g,11.0,10.0,0.5,1074.5271679127382,1074.7271679127382,12.982356031882125,1.2035956541912132e-06,11.681226670071485,1.0871851045884091e-06,1.9732034441419648,9.21602221918e-07,0.7691098191031852,8.782888032773543e-08
280,h,11.0,10.0,0.5,-1074.5271679127382,-1076.5271679127382,12.982356031882125,-2.3249850529610138e-07,11.681226670071485,-9.643157161947777e-06,1.9732034441419648,-3.6717104998082075e-06,0.7691098191031852,-1.645485811054444e-07
281,h,11.0,10.0,0.5,1074.5271679127382,1072.5271679127382,12.982356031882125,-2.3190424000050317e-07,11.681226670071485,-9.666000352591088e-06,1.9732034441419648,-3.677692240901794e-06,0.7691098191031852,-1.6456122228816434e-07
282,g,11.0,11.0,0.5,-1074.5271679127382,-1071.4271679127382,12.982356031882125,1.3881025426150904e-07,11.681226670071485,-1.0920644928918202e-07,1.9732034441419648,-5.908215315288434e-07,0.7691098191031852,1.909116545053279e-08
283,g,11.0,11.0,0.5,1074.5271679127382,1077.627167912738,12.982356031882125,1.387995556827316e-07,11.681226670071485,-1.0839454250469332e-07,1.9732034441419648,-5.910590404551744e-07,0.7691098191031852,1.908967856286603e-08
284,h,11.0,11.0,0.5,-1074.5271679127382,-1077.127167912738,12.982356031882125,-3.002044417688177e-08,11.681226670071485,-1.5470718708492551e-06,1.9732034441419648,1.0468434639284557e-07,0.7691098191031852,1.0271910527951043e-09
285,h,11.0,11.0,0.5,1074.5271679127382,1071.9271679127382,12.982356031882125,-3.0018137406470086e-08,11.681226670071485,-1.5478271276739708e-06,1.9732034441419648,1.0502653950573944e-07,0.7691098191031852,1.0270153742850244e-09
286,g,12.0,0.0,0.5,-1445.0684938335328,-1447.0684938335328,12.982356031882125,0.00041087471376962363,11.681226670071485,2.5597125402239566e-05,1.9732034441419648,1.3907765131898626e-05,0.7691098191031852,0.00013107835087239507
287,g,12.0,0.0,0.5,1445.0684938335328,1443.0684938335328,12.982356031882125,0.0003764127385774942,11.681226670071485,2.2558569324230978e-05,1.9732034441419648,1.743429121632521e-05,0.7691098191031852,0.00011213156551102131
288,g,12.0,1.0,0.5,-1445.0684938335328,-1445.1684938335327,12.982356031882125,-0.00017971530691939663,11.681226670071485,-0.0004115874828881311,1.9732034441419648,-7.513547950504593e-05,0.7691098191031852,-5.260438283904741e-05
289,g,12.0,1.0,0.5,1445.0684938335328,1444.9684938335329,12.982356031882125,-0.00012399213308432483,11.681226670071485,-0.0003945167580234755,1.9732034441419648,-7.601562430310156e-05,0.7691098191031852,-4.619786042550001e-05
290,h,12.0,1.0,0.5,-1445.0684938335328,-1446.2684938335328,12.982356031882125,-1.372579567344258e-05,11.681226670071485,7.243837887110508e-05,1.9732034441419648,-0.00016873527240333713,0.7691098191031852,-0.0001307838233756745
291,h,12.0,1.0,0.5,1445.0684938335328,1443.8684938335327,12.982356031882125,-1.3628315995626918e-05,11.681226670071485,7.371520936727313e-05,1.9732034441419648,-0.00017022944302962775,0.7691098191031852,-0.00010060066768333219
292,g,12.0,2.0,0.5,-1445.0684938335328,-1444.5684938335328,12.982356031882125,-0.000565486750711618,11.681226670071485,-9.466326846225396e-05,1.9732034441419648,-2.508605790298925e-05,0.7691098191031852,0.00014042923989660206
293,g,12.0,2.0,0.5,1445.0684938335328,1445.5684938335328,12.982356031882125,-0.0005627339328338292,11.681226670071485,-0.00011536531758346433,1.9732034441419648,-3.148600232419795e-05,0.7691098191031852,0.00013034399990745465
294,h,12.0,2.0,0.5,-1445.0684938335328,-1444.5684938335328,12.982356031882125,3.885683944597646e-05,11.681226670071485,9.210821296822143e-05,1.9732034441419648,6.932717359938016e-06,0.7691098191031852,-0.00014648007868251387
295,h,12.0,2.0,0.5,1445.0684938335328,1445.5684938335328,12.982356031882125,4.023696665547014e-05,11.681226670071485,8.231150462995121e-05,1.9732034441419648,6.722384021533039e-06,0.7691098191031852,-0.0001580205259681689
296,g,12.0,3.0,0.5,-1445.0684938335328,-1443.7684938335328,12.982356031882125,-0.00020995023286770397,11.681226670071485,0.00027712208128677053,1.9732034441419648,-0.00016663372720928624,0.7691098191031852,5.348711852307047e-05
297,g,12.0,3.0,0.5,1445.0684938335328,1446.3684938335327,12.982356031882125,-0.00028092027259141487,11.681226670071485,0.00031869325695032803,1.9732034441419648,-0.00014771598951482886,0.7691098191031852,4.033498253879729e-05
298,h,12.0,3.0,0.5,-1445.0684938335328,-1443.6684938335327,12.982356031882125,9.335831540842439e-05,11.681226670071485,-0.0001428203176070893,1.9732034441419648,-4.1166243350691694e-05,0.7691098191031852,1.1455281674896826e-05
299,h,12.0,3.0,0.5,1445.0684938335328,1446.4684938335329,12.982356031882125,7.269333911592416e-05,11.681226670071485,-0.00012736213558088596,1.9732034441419648,-3.703472129648067e-05,0.7691098191031852,6.42659084791738e-06
300,g,12.0,4.0,0.5,-1445.0684938335328,-1446.2684938335328,12.982356031882125,0.0001810829930245622,11.681226670071485,0.00022741665562684332,1.9732034441419648,-4.476963622510362e-06,0.7691098191031852,-8.784156813815806e-06
301,g,12.0,4.0,0.5,1445.0684938335328,1443.8684938335327,12.982356031882125,0.0002472521674400706,11.681226670071485,0.00020334242747018516,1.9732034441419648,-8.647437860274096e-06,0.7691098191031852,3.1233368507621144e-06
302,h,12.0,4.0,0.5,-1445.0684938335328,-1446.8684938335327,12.982356031882125,5.2465623682366325e-05,11.681226670071485,-0.0002488799242575124,1.9732034441419648,0.00014704105167007278,0.7691098191031852,-9.94952050944563e-05
303,h,12.0,4.0,0.5,1445.0684938335328,1443.2684938335328,12.982356031882125,6.908096810180881e-05,11.681226670071485,-0.0002663555935016135,1.9732034441419648,0.0001261144358911381,0.7691098191031852,-7.879318333870532e-05
304,g,12.0,5.0,0.5,-1445.0684938335328,-1444.3684938335327,12.982356031882125,0.00032568256531890593,11.681226670071485,-9.56569040657105e-05,1.9732034441419648,2.118441317449671e-05,0.7691098191031852,8.862105461227465e-05
305,g,12.0,5.0,0.5,1445.0684938335328,1445.7684938335328,12.982356031882125,0.00037239200757202654,11.681226670071485,-8.138519660176163e-05,1.9732034441419648,1.7958830233060936e-05,0.7691098191031852,9.837723824161274e-05
306,h,12.0,5.0,0.5,-1445.0684938335328,-1444.9684938335329,12.982356031882125,-7.603651037043791e-06,11.681226670071485,-0.0001001398515784361,1.9732034441419648,4.2351810348616024e-05,0.7691098191031852,-5.596098121440273e-05
307,h,12.0,5.0,0.5,1445.0684938335328,1445.1684938335327,12.982356031882125,3.803202171342263e-05,11.681226670071485,-0.00011937460343768776,1.9732034441419648,5.0170241842270625e-05,0.7691098191031852,-4.2627451399465275e-05
308,g,12.0,6.0,0.5,-1445.0684938335328,-1444.7684938335328,12.982356031882125,0.00025298375831889604,11.681226670071485,-0.00024217896032189298,1.9732034441419648,9.990292322852327e-05,0.7691098191031852,5.1114684480857856e-05
309,g,12.0,6.0,0.5,1445.0684938335328,1445.3684938335327,12.982356031882125,0.00025898985688191725,11.681226670071485,-0.00020893290272415386,1.9732034441419648,0.00011861838302617916,0.7691098191031852,5.382397752491474e-05
310,h,12.0,6.0,0.5,-1445.0684938335328,-1444.2684938335328,12.982356031882125,-2.1705241820558545e-05,11.681226670071485,9.239835213489007e-05,1.9732034441419648,8.279614821064941e-06,0.7691098191031852,3.838476308926873e-05
311,h,12.0,6.0,0.5,1445.0684938335328,1445.8684938335327,12.982356031882125,4.431613464904661e-06,11.681226670071485,0.00011659469113147387,1.9732034441419648,2.1053094797996543e-05,0.7691098191031852,4.202752509784723e-05
312,g,12.0,7.0,0.5,-1445.0684938335328,-1444.5684938335328,12.982356031882125,0.00012801174386717362,11.681226670071485,-0.00018127068401293007,1.9732034441419648,-2.1578362353277347e-05,0.7691098191031852,-6.980184048350508e-06
313,g,12.0,7.0,0.5,1445.0684938335328,1445.5684938335328,12.982356031882125,0.00012669466106120586,11.681226670071485,-0.00016079378244625398,1.9732034441419648,-9.774873691284943e-06,0.7691098191031852,-5.899916459365887e-06
314,h,12.0,7.0,0.5,-1445.0684938335328,-1445.2684938335328,12.982356031882125,-1.4550313655091772e-05,11.681226670071485,0.0001726189732304462,1.9732034441419648,-0.00010696963878943586,0.7691098191031852,2.8231812989709033e-05
315,h,12.0,7.0,0.5,1445.0684938335328,1444.8684938335327,12.982356031882125,-7.4829363301605265e-06,11.681226670071485,0.00018903967688277184,1.9732034441419648,-0.00010062585545209724,0.7691098191031852,2.8099726554879743e-05
316,g,12.0,8.0,0.5,-1445.0684938335328,-1445.3684938335327,12.982356031882125,4.752214804426626e-05,11.681226670071485,-7.96402733091779e-05,1.9732034441419648,-5.557744490325525e-05,0.7691098191031852,-9.306887683917244e-06
317,g,12.0,8.0,0.5,1445.0684938335328,1444.7684938335328,12.982356031882125,4.7053295725732346e-05,11.681226670071485,-7.151281242632235e-05,1.9732034441419648,-5.4473328864224764e-05,0.7691098191031852,-9.353692852549639e-06
318,h,12.0,8.0,0.5,-1445.0684938335328,-1444.4684938335329,12.982356031882125,-6.725313742864298e-06,11.681226670071485,0.00013564449112328443,1.9732034441419648,2.9623938007305053e-05,0.7691098191031852,1.8637839625651238e-06
319,h,12.0,8.0,0.5,1445.0684938335328,1445.6684938335327,12.982356031882125,-5.657623115594692e-06,11.681226670071485,0.00013742720917981724,1.9732034441419648,3.328784566443053e-05,0.7691098191031852,1.9959109680178934e-06
320,g,12.0,9.0,0.5,-1445.0684938335328,-1445.5684938335328,12.982356031882125,1.3585702106924242e-05,11.681226670071485,-2.0897864682886206e-05,1.9732034441419648,2.167028691951606e-05,0.7691098191031852,-1.445715418546523e-06
321,g,12.0,9.0,0.5,1445.0684938335328,1444.5684938335328,12.982356031882125,1.3527736773118504e-05,11.681226670071485,-1.8993689581335494e-05,1.9732034441419648,2.192059990279335e-05,0.7691098191031852,-1.440840050152951e-06
322,h,12.0,9.0,0.5,-1445.0684938335328,-1444.8684938335327,12.982356031882125,-2.3611978681804526e-06,11.681226670071485,6.707147531579372e-05,1.9732034441419648,1.6563750074283772e-05,0.7691098191031852,-1.963623618900621e-06
323,h,12.0,9.0,0.5,1445.0684938335328,1445.2684938335328,12.982356031882125,-2.2657134781684293e-06,11.681226670071485,6.652840653788851e-05,1.9732034441419648,1.699551311552061e-05,0.7691098191031852,-1.9637195739171593e-06
324,g,12.0,10.0,0.5,-1445.0684938335328,-1444.9684938335329,12.982356031882125,3.0031551084400786e-06,11.681226670071485,-2.190374708260104e-06,1.9732034441419648,2.1427667028369827e-06,0.7691098191031852,2.3331171146645967e-07
325,g,12.0,10.0,0.5,1445.0684938335328,1445.1684938335327,12.982356031882125,2.999484278008094e-06,11.681226670071485,-1.9565009727236685e-06,1.9732034441419648,2.229824254519179e-06,0.7691098191031852,2.3356713173014845e-07
326,h,12.0,10.0,0.5,-1445.0684938335328,-1445.9684938335329,12.982356031882125,-6.226127567675485e-07,11.681226670071485,2.2893472610487274e-05,1.9732034441419648,-8.555346504459825e-06,0.7691098191031852,-4.2162741600924954e-07
327,h,12.0,10.0,0.5,1445.0684938335328,1444.1684938335327,12.982356031882125,-6.175655170700799e-07,11.681226670071485,2.2755526050787533e-05,1.9732034441419648,-8.587855439169686e-06,0.7691098191031852,-4.217199883617732e-07
328,g,12.0,11.0,0.5,-1445.0684938335328,-1446.1684938335327,12.982356031882125,4.947545789010625e-07,11.681226670071485,5.337030308648152e-07,1.9732034441419648,-2.0295008360659473e-06,0.7691098191031852,7.072640701725163e-08
329,g,12.0,11.0,0.5,1445.0684938335328,1443.9684938335329,12.982356031882125,4.946320112233029e-07,11.681226670071485,5.471384558072676e-07,1.9732034441419648,-2.0327655115622005e-06,0.7691098191031852,7.071877462808327e-08
330,h,12.0,11.0,0.5,-1445.0684938335328,-1445.0684938335328,12.982356031882125,-1.1805525573164921e-07,11.681226670071485,5.399879171785301e-06,1.9732034441419648,3.3241656615088737e-07,0.7691098191031852,5.113407398902385e-09
331,h,12.0,11.0,0.5,1445.0684938335328,1445.0684938335328,12.982356031882125,-1.179105773783467e-07,11.681226670071485,5.389381243234616e-06,1.9732034441419648,3.379567827516388e-07,0.7691098191031852,5.123262563643432e-09
332,g,12.0,12.0,0.5,-1445.0684938335328,-1445.3684938335327,12.982356031882125,5.349028772073323e-08,11.681226670071485,2.2881733231269107e-07,1.9732034441419648,1.6882216852015685e-07,0.7691098191031852,2.4271960385041826e-09
333,g,12.0,12.0,0.5,1445.0684938335328,1444.7684938335328,12.982356031882125,5.3483082117714514e-08,11.681226670071485,2.290908815510991e-07,1.9732034441419648,1.6889240039009734e-07,0.7691098191031852,2.4269993581036153e-09
334,h,12.0,12.0,0.5,-1445.0684938335328,-1444.5684938335328,12.982356031882125,-1.4161761040059326e-08,11.681226670071485,7.849233710340231e-07,1.9732034441419648,2.5653890276720934e-07,0.7691098191031852,6.381635404210857e-09
335,h,12.0,12.0,0.5,1445.0684938335328,1445.5684938335328,12.982356031882125,-1.4163051576504395e-08,11.681226670071485,7.846710409777426e-07,1.9732034441419648,2.5650598836291483e-07,0.7691098191031852,6.381133233188536e-09
336,g,13.0,0.0,0.5,-1943.3877655477747,-1943.2877655477748,12.982356031882125,0.00039165029185360395,11.681226670071485,-0.00015553660482224828,1.9732034441419648,-4.725235495194742e-05,0.7691098191031852,0.0001497300676628443
337,g,13.0,0.0,0.5,1943.3877655477747,1943.4877655477746,12.982356031882125,0.0004003426690646178,11.681226670071485,-0.0001903742697356953,1.9732034441419648,-6.149890379742049e-05,0.7691098191031852,0.00013487551271609792
338,g,13.0,1.0,0.5,-1943.3877655477747,-1944.2877655477748,12.982356031882125,0.00010906424874944218,11.681226670071485,0.00026553855914601525,1.9732034441419648,-7.013380610616729e-05,0.7691098191031852,-2.0433632395929642e-05
339,g,13.0,1.0,0.5,1943.3877655477747,1942.4877655477746,12.982356031882125,6.55658211308834e-05,11.681226670071485,0.0003410155331954775,1.9732034441419648,-6.464527441770707e-05,0.7691098191031852,-1.6677711969933197e-05
340,h,13.0,1.0,0.5,-1943.3877655477747,-1944.2877655477748,12.982356031882125,-1.9206396367413296e-05,11.681226670071485,-4.544146292957698e-05,1.9732034441419648,-0.00015562699892883057,0.7691098191031852,-5.756214545648999e-05
341,h,13.0,1.0,0.5,1943.3877655477747,1942.4877655477746,12.982356031882125,-2.104821038550815e-05,11.681226670071485,-4.279275726586615e-05,1.9732034441419648,-0.00012992240799782192,0.7691098191031852,-3.705928621743485e-05
342,g,13.0,2.0,0.5,-1943.3877655477747,-1942.8877655477747,12.982356031882125,-0.0005501524251549102,11.681226670071485,0.0003006746344052347,1.9732034441419648,-7.314297689635608e-05,0.7691098191031852,0.00013560451808876796
343,g,13.0,2.0,0.5,1943.3877655477747,1943.8877655477747,12.982356031882125,-0.0004574827810580795,11.681226670071485,0.00024317520587853307,1.9732034441419648,-9.099002707499857e-05,0.7691098191031852,0.0001373354245454499
344,h,13.0,2.0,0.5,-1943.3877655477747,-1942.7877655477748,12.982356031882125,1.9118865429809114e-05,11.681226670071485,-0.00012854224028253954,1.9732034441419648,8.293764028385039e-05,0.7691098191031852,-0.00015243733301537597
345,h,13.0,2.0,0.5,1943.3877655477747,1943.9877655477746,12.982356031882125,2.6599736167496863e-05,11.681226670071485,-0.0001404721710452172,1.9732034441419648,6.519901621104077e-05,0.7691098191031852,-0.0001495227987138223
346,g,13.0,3.0,0.5,-1943.3877655477747,-1942.6877655477747,12.982356031882125,-0.0003240357618477873,11.681226670071485,-0.00019562437567711874,1.9732034441419648,-0.00012031822767453424,0.7691098191031852,0.0001162253131870378
347,g,13.0,3.0,0.5,1943.3877655477747,1944.0877655477748,12.982356031882125,-0.00044542424615384864,11.681226670071485,-0.00014007217360756716,1.9732034441419648,-8.653386694120474e-05,0.7691098191031852,8.049248812958835e-05
348,h,13.0,3.0,0.5,-1943.3877655477747,-1941.9877655477746,12.982356031882125,9.115545407139744e-05,11.681226670071485,3.1712949320356344e-05,1.9732034441419648,-1.545658433732702e-05,0.7691098191031852,3.264035799211142e-05
349,h,13.0,3.0,0.5,1943.3877655477747,1944.7877655477748,12.982356031882125,6.700172809611003e-05,11.681226670071485,3.839064693308595e-05,1.9732034441419648,-1.1935294055463242e-05,0.7691098191031852,2.103057010855639e-05
350,g,13.0,4.0,0.5,-1943.3877655477747,-1943.6877655477747,12.982356031882125,6.081041178114387e-05,11.681226670071485,-0.00026832931512312604,1.9732034441419648,1.2716104723599906e-05,0.7691098191031852,-3.7164795895925333e-06
351,g,13.0,4.0,0.5,1943.3877655477747,1943.0877655477748,12.982356031882125,0.00010564112642654649,11.681226670071485,-0.0002723206655848528,1.9732034441419648,1.0883560785104289e-05,0.7691098191031852,5.326754471549738e-06
352,h,13.0,4.0,0.5,-1943.3877655477747,-1943.7877655477748,12.982356031882125,7.501518985910957e-05,11.681226670071485,0.0002447553819971443,1.9732034441419648,0.0001655955598649115,0.7691098191031852,-6.762850766841307e-05
353,h,13.0,4.0,0.5,1943.3877655477747,1942.9877655477746,12.982356031882125,7.187696700848816e-05,11.681226670071485,0.0002535336622579447,1.9732034441419648,0.00015664602766216377,0.7691098191031852,-4.5154616801925854e-05
354,g,13.0,5.0,0.5,-1943.3877655477747,-1942.5877655477748,12.982356031882125,0.00028180616489032254,11.681226670071485,-2.1284042124664686e-05,1.9732034441419648,8.076045335864422e-05,0.7691098191031852,8.429669209353604e-05
355,g,13.0,5.0,0.5,1943.3877655477747,1944.1877655477747,12.982356031882125,0.00037163318096457504,11.681226670071485,-3.281164040089075e-05,1.9732034441419648,6.015543768652549e-05,0.7691098191031852,0.0001036307407935619
356,h,13.0,5.0,0.5,-1943.3877655477747,-1944.6877655477747,12.982356031882125,-3.5574697659852066e-06,11.681226670071485,0.00022595849295256663,1.9732034441419648,6.079042173899546e-06,0.7691098191031852,-5.929484219543435e-05
357,h,13.0,5.0,0.5,1943.3877655477747,1942.0877655477748,12.982356031882125,5.4824859746757554e-05,11.681226670071485,0.00018030928443426303,1.9732034441419648,3.4172993203620362e-06,0.7691098191031852,-3.7852264607878716e-05
358,g,13.0,6.0,0.5,-1943.3877655477747,-1943.3877655477747,12.982356031882125,0.0002812354991514485,11.681226670071485,0.00016471396791685385,1.9732034441419648,7.055388633053345e-05,0.7691098191031852,5.8943464593924016e-05
359,g,13.0,6.0,0.5,1943.3877655477747,1943.3877655477747,12.982356031882125,0.00030550363721276437,11.681226670071485,0.00020264648807380474,1.9732034441419648,9.591263699032095e-05,0.7691098191031852,6.594550678587243e-05
360,h,13.0,6.0,0.5,-1943.3877655477747,-1943.4877655477746,12.982356031882125,-3.14524599023478e-05,11.681226670071485,-3.176040848587615e-05,1.9732034441419648,-1.028263167084721e-05,0.7691098191031852,4.446996011812076e-05
361,h,13.0,6.0,0.5,1943.3877655477747,1943.2877655477748,12.982356031882125,1.7491439741649922e-05,11.681226670071485,-1.857445308147404e-05,1.9732034441419648,-1.4235439907040478e-06,0.7691098191031852,5.266592609803871e-05
362,g,13.0,7.0,0.5,-1943.3877655477747,-1942.5877655477748,12.982356031882125,0.00017021572956341067,11.681226670071485,0.00017103844763478513,1.9732034441419648,-3.1576925175004875e-05,0.7691098191031852,-1.0649796395309909e-05
363,g,13.0,7.0,0.5,1943.3877655477747,1944.1877655477747,12.982356031882125,0.00017013611587665754,11.681226670071485,0.00020767209029404636,1.9732034441419648,-1.2387916339660699e-05,0.7691098191031852,-7.754885637289426e-06
364,h,13.0,7.0,0.5,-1943.3877655477747,-1943.0877655477748,12.982356031882125,-2.2975119855019307e-05,11.681226670071485,-0.00019315657675179052,1.9732034441419648,-0.00011768359976390822,0.7691098191031852,3.88872535345193e-05
365,h,13.0,7.0,0.5,1943.3877655477747,1943.6877655477747,12.982356031882125,-5.361835461884012e-06,11.681226670071485,-0.00015831675284284563,1.9732034441419648,-0.00010032019366908449,0.7691098191031852,3.8952920542591436e-05
366,g,13.0,8.0,0.5,-1943.3877655477747,-1943.3877655477747,12.982356031882125,7.337207822375346e-05,11.681226670071485,9.119276499674803e-05,1.9732034441419648,-7.37498114278341e-05,0.7691098191031852,-1.4808522702147276e-05
367,g,13.0,8.0,0.5,1943.3877655477747,1943.3877655477747,12.982356031882125,7.230748411715187e-05,11.681226670071485,0.0001113253668044533,1.9732034441419648,-6.891646961044732e-05,0.7691098191031852,-1.4926104008646999e-05
368,h,13.0,8.0,0.5,-1943.3877655477747,-1943.4877655477746,12.982356031882125,-1.1340112445628195e-05,11.681226670071485,-0.00017981421698428304,1.9732034441419648,3.786297159479558e-05,0.7691098191031852,2.7034013950891006e-06
369,h,13.0,8.0,0.5,1943.3877655477747,1943.2877655477748,12.982356031882125,-7.840789604314939e-06,11.681226670071485,-0.00017010680874370116,1.9732034441419648,4.726370947997475e-05,0.7691098191031852,3.1678381589501314e-06
370,g,13.0,9.0,0.5,-1943.3877655477747,-1942.9877655477746,12.982356031882125,2.4309780284427376e-05,11.681226670071485,2.8228017061089586e-05,1.9732034441419648,3.413681114039565e-05,0.7691098191031852,-2.6337485063639115e-06
371,g,13.0,9.0,0.5,1943.3877655477747,1943.7877655477748,12.982356031882125,2.4100680542529055e-05,11.681226670071485,3.4901512520313255e-05,1.9732034441419648,3.534200916062977e-05,0.7691098191031852,-2.6091487858505473e-06
372,h,13.0,9.0,0.5,-1943.3877655477747,-1942.8877655477747,12.982356031882125,-4.443975349121672e-06,11.681226670071485,-0.00010523294120186917,1.9732034441419648,2.547676622298288e-05,0.7691098191031852,-3.6487072646901785e-06
373,h,13.0,9.0,0.5,1943.3877655477747,1943.8877655477747,12.982356031882125,-4.0259097906817624e-06,11.681226670071485,-0.00010568336993519372,1.9732034441419648,2.722339841039013e-05,0.7691098191031852,-3.6474273363334287e-06
374,g,13.0,10.0,0.5,-1943.3877655477747,-1943.2877655477748,12.982356031882125,6.362531587518654e-06,11.681226670071485,2.963058154111378e-06,1.9732034441419648,4.010279583630082e-06,0.7691098191031852,5.221617694693301e-07
375,g,13.0,10.0,0.5,1943.3877655477747,1943.4877655477746,12.982356031882125,6.342809475643675e-06,11.681226670071485,4.179403696648496e-06,1.9732034441419648,4.464797214719888e-06,0.7691098191031852,5.23824163282478e-07
376,h,13.0,10.0,0.5,-1943.3877655477747,-1942.8877655477747,12.982356031882125,-1.3799361461876599e-06,11.681226670071485,-4.4127074055843766e-05,1.9732034441419648,-1.656357992946657e-05,0.7691098191031852,-9.162277440920682e-07
377,h,13.0,10.0,0.5,1943.3877655477747,1943.8877655477747,12.982356031882125,-1.349026318163051e-06,11.681226670071485,-4.463477260992602e-05,1.9732034441419648,-1.666418119264876e-05,0.7691098191031852,-9.16647167440914e-07
378,g,13.0,11.0,0.5,-1943.3877655477747,-1942.8877655477747,12.982356031882125,1.306666488271477e-06,11.681226670071485,-1.666578352444773e-06,1.9732034441419648,-5.029635793192299e-06,0.7691098191031852,1.935803140872489e-07
379,g,13.0,11.0,0.5,1943.3877655477747,1943.8877655477747,12.982356031882125,1.305634292466766e-06,11.681226670071485,-1.5522202356869585e-06,1.9732034441419648,-5.0518615874702485e-06,0.7691098191031852,1.9351728279671857e-07
380,h,13.0,11.0,0.5,-1943.3877655477747,-1943.7877655477748,12.982356031882125,-3.293813681041536e-07,11.681226670071485,-1.3431982503877717e-05,1.9732034441419648,7.781436861468502e-07,0.7691098191031852,1.7020428726144554e-08
381,h,13.0,11.0,0.5,1943.3877655477747,1942.9877655477746,12.982356031882125,-3.2799083658256764e-07,11.681226670071485,-1.3503638553712823e-05,1.9732034441419648,8.24986971387282e-07,0.7691098191031852,1.7120780713598918e-08
382,g,13.0,12.0,0.5,-1943.3877655477747,-1943.8877655477747,12.982356031882125,2.018836945942397e-07,11.681226670071485,-9.253791239277554e-07,1.9732034441419648,6.017165468855074e-07,0.7691098191031852,9.07404318149707e-09
383,g,13.0,12.0,0.5,1943.3877655477747,1942.8877655477747,12.982356031882125,2.0185210285145914e-07,11.681226670071485,-9.204591295165469e-07,1.9732034441419648,6.030945885258978e-07,0.7691098191031852,9.07531673797738e-09
384,h,13.0,12.0,0.5,-1943.3877655477747,-1943.7877655477748,12.982356031882125,-5.7586113913759725e-08,11.681226670071485,-2.8703936525047735e-06,1.9732034441419648,9.383358261649198e-07,0.7691098191031852,2.5288382143300588e-08
385,h,13.0,12.0,0.5,1943.3877655477747,1942.9877655477746,12.982356031882125,-5.75526196501151e-08,11.681226670071485,-2.874196465279463e-06,1.9732034441419648,9.378711324421317e-07,0.7691098191031852,2.5287034664947798e-08
386,g,13.0,13.0,0.5,-1943.3877655477747,-1943.7877655477748,12.982356031882125,2.059808510548121e-08,11.681226670071485,-2.0624967348563738e-07,1.9732034441419648,8.665031682081896e-08,0.7691098191031852,-1.7402208309244488e-09
387,g,13.0,13.0,0.5,1943.3877655477747,1942.9877655477746,12.982356031882125,2.0597435972490172e-08,11.681226670071485,-2.0618415536951e-07,1.9732034441419648,8.667260795311309e-08,0.7691098191031852,-1.7404545313717176e-09
388,h,13.0,13.0,0.5,-1943.3877655477747,-1943.9877655477746,12.982356031882125,-6.468858083422749e-09,11.681226670071485,-3.7962873007812176e-07,1.9732034441419648,-1.315754200224146e-07,0.7691098191031852,1.7196129226733607e-09
389,h,13.0,13.0,0.5,1943.3877655477747,1942.7877655477748,12.982356031882125,-6.470485031418e-09,11.681226670071485,-3.796916869273127e-07,1.9732034441419648,-1.315847810784527e-07,0.7691098191031852,1.7196010619959733e-09
