,g/h,l,m,res_lon[deg],dg[nT],g[nT],areaN[km^2],areaS[km^2],G_areaN_dg[km^2/nT],G_areaS_dg[km^2/nT],G_N_plus_dg[km^2/nT],G_N_minus_dg[km^2/nT],G_S_plus_dg[km^2/nT],G_S_minus_dg[km^2/nT]
0,g,1,0,0.5,-55.52736709,-29460.32737,8300944.757,8725038.598,-1.339604062,-29.10270924,-221.0877428,-219.7481507,-570.4600163,-541.3578574
1,g,1,0,0.5,55.52736709,-29349.27263,8300944.757,8725038.598,-1.337349635,-29.38415987,220.5483261,221.8856644,543.2926467,572.6761894
2,g,1,1,0.5,-55.52736709,-1506.427367,8300944.757,8725038.598,-26.73754353,225.5951554,-2132.335758,-2105.598162,-2091.740928,-2317.33579
3,g,1,1,0.5,55.52736709,-1395.372633,8300944.757,8725038.598,-26.5893567,226.8236018,2105.579838,2132.169209,2322.106516,2095.283067
4,h,1,1,0.5,-55.52736709,4596.972633,8300944.757,8725038.598,37.9123803,-80.17330045,-1886.31604,-1924.228391,-2138.460661,-2058.288364
5,h,1,1,0.5,55.52736709,4708.027367,8300944.757,8725038.598,37.79936479,-80.0499429,1923.774582,1885.975111,2055.712084,2135.762787
6,g,2,0,0.5,-74.67549554,-2574.275496,8300944.757,8725038.598,353.9300002,-395.6704977,-742.8925441,-1096.822544,-1035.183325,-639.5128232
7,g,2,0,0.5,74.67549554,-2424.924504,8300944.757,8725038.598,355.6362239,-393.3643767,1103.264537,747.628313,636.2480732,1029.612451
8,g,2,1,0.5,-74.67549554,2907.324504,8300944.757,8725038.598,1.329653649,-173.3650408,-1106.722924,-1108.052567,-1194.313614,-1020.948943
9,g,2,1,0.5,74.67549554,3056.675496,8300944.757,8725038.598,0.096541477,-174.9600046,1107.730908,1107.63437,1019.265719,1194.225868
10,h,2,1,0.5,-74.67549554,-3066.275496,8300944.757,8725038.598,-51.37500278,180.5201011,-910.5910707,-859.2160676,-932.3140074,-1112.833908
11,h,2,1,0.5,74.67549554,-2916.924504,8300944.757,8725038.598,-52.23488923,179.5438011,858.5455774,910.780479,1113.898096,934.3544177
12,g,2,2,0.5,-74.67549554,1602.324504,8300944.757,8725038.598,-31.10420924,60.72828819,-776.5528406,-745.4487162,-778.6598749,-839.3880665
13,g,2,2,0.5,74.67549554,1751.675496,8300944.757,8725038.598,-31.49482853,60.715414,744.9358672,776.4305901,839.9741477,779.2586833
14,h,2,2,0.5,-74.67549554,-809.2754955,8300944.757,8725038.598,-0.932324753,21.90017669,-770.4111324,-769.4788308,-800.927776,-822.8277766
15,h,2,2,0.5,74.67549554,-659.9245045,8300944.757,8725038.598,-1.324983248,21.68878636,769.2559207,770.5808987,822.8454709,801.1566581
16,g,3,0,0.5,-100.4266891,1262.773311,8300944.757,8725038.598,354.9415904,400.3864881,-883.8657097,-1238.807301,-691.8787205,-1092.265203
17,g,3,0,0.5,100.4266891,1463.626689,8300944.757,8725038.598,355.8293984,403.2771837,1247.594515,891.7651193,1099.228099,695.9509173
18,g,3,1,0.5,-100.4266891,-2481.626689,8300944.757,8725038.598,15.4481145,130.6412092,-578.7527143,-594.2008229,-556.0867339,-686.7276711
19,g,3,1,0.5,100.4266891,-2280.773311,8300944.757,8725038.598,15.27434872,128.8323738,594.3474194,579.0730834,684.2703611,555.4379845
20,h,3,1,0.5,-100.4266891,-182.5266891,8300944.757,8725038.598,-85.03224428,-228.3560815,-428.0928698,-343.0605085,-757.3571409,-529.0012744
21,h,3,1,0.5,100.4266891,18.32668914,8300944.757,8725038.598,-84.15479794,-228.5686568,344.9035145,429.0583367,528.8606637,757.4298162
22,g,3,2,0.5,-100.4266891,1135.773311,8300944.757,8725038.598,-49.45191449,-71.63747605,-700.4233467,-650.9713987,-732.2328291,-660.5952015
23,g,3,2,0.5,100.4266891,1336.626689,8300944.757,8725038.598,-50.72962311,-72.39418712,649.8825123,700.6120378,659.5525184,731.946867
24,h,3,2,0.5,-100.4266891,141.4733109,8300944.757,8725038.598,-0.488626655,-25.23454902,-690.2683433,-689.7796735,-717.9959029,-692.7617116
25,h,3,2,0.5,100.4266891,342.3266891,8300944.757,8725038.598,-1.870824451,-26.47546167,689.0372808,690.9080826,692.4567586,718.9324463
26,g,3,3,0.5,-100.4266891,425.2733109,8300944.757,8725038.598,-0.086839604,3.147536897,-286.1947846,-286.1079643,-309.1487153,-312.2962006
27,g,3,3,0.5,100.4266891,626.1266891,8300944.757,8725038.598,-0.261611112,3.009220607,286.0126971,286.2743007,312.2375504,309.2280001
28,h,3,3,0.5,-100.4266891,-643.8266891,8300944.757,8725038.598,5.940984583,10.85382125,-282.555648,-288.4966232,-304.9886312,-315.8423035
29,h,3,3,0.5,100.4266891,-442.9733109,8300944.757,8725038.598,5.768763429,10.72670237,288.4704471,282.7017134,315.8456925,305.1190743
30,g,4,0,0.5,-135.0579573,767.9420427,8300944.757,8725038.598,261.2468152,-313.8550725,-936.3673123,-1197.614129,-975.7896447,-661.9345722
31,g,4,0,0.5,135.0579573,1038.057957,8300944.757,8725038.598,258.775861,-310.8905733,1204.951188,946.1753269,658.3689888,969.2595622
32,g,4,1,0.5,-135.0579573,674.4420427,8300944.757,8725038.598,20.49870304,-79.02565439,-250.9401945,-271.4389953,-556.0933907,-477.0668754
33,g,4,1,0.5,135.0579573,944.5579573,8300944.757,8725038.598,23.45225322,-79.91044162,272.7271671,249.2748345,479.2595006,559.1701652
34,h,4,1,0.5,-135.0579573,146.8420427,8300944.757,8725038.598,-78.23696518,223.9621729,-397.985802,-319.7488369,-584.9977607,-808.9593608
35,h,4,1,0.5,135.0579573,416.9579573,8300944.757,8725038.598,-74.8121978,223.7770216,320.8493679,395.6615657,809.9082567,586.1315093
36,g,4,2,0.5,-135.0579573,-48.75795735,8300944.757,8725038.598,-68.48937584,79.29555232,-615.5004425,-547.0109122,-521.5125448,-600.8069357
37,g,4,2,0.5,135.0579573,221.3579573,8300944.757,8725038.598,-70.48645588,78.20984188,546.0204892,616.5072183,600.2464859,522.0362816
38,h,4,2,0.5,-135.0579573,-293.4579573,8300944.757,8725038.598,1.44169084,12.2933344,-595.9597173,-597.4014327,-573.452384,-585.7454909
39,h,4,2,0.5,135.0579573,-23.34204265,8300944.757,8725038.598,-0.86506857,10.16929533,596.2121066,597.0772408,582.5836744,572.4147069
40,g,4,3,0.5,-135.0579573,-444.4579573,8300944.757,8725038.598,0.116661554,-6.900469509,-365.5231923,-365.639859,-388.8737917,-381.973646
41,g,4,3,0.5,135.0579573,-174.3420427,8300944.757,8725038.598,-0.768975746,-7.729647283,365.1724084,365.9414373,381.3569475,389.0862214
42,h,4,3,0.5,-135.0579573,64.64204265,8300944.757,8725038.598,13.80841295,-19.61269195,-357.4741953,-371.282613,-394.5566879,-374.944027
43,h,4,3,0.5,135.0579573,334.7579573,8300944.757,8725038.598,12.94769547,-20.37661305,371.0178456,358.07005,374.3811317,394.7578715
44,g,4,4,0.5,-135.0579573,-87.05795735,8300944.757,8725038.598,2.089546666,-2.238289409,-109.983585,-112.0731226,-130.5660004,-128.3277494
45,g,4,4,0.5,135.0579573,183.0579573,8300944.757,8725038.598,2.019484898,-2.327574552,112.0532833,110.0337965,128.2739741,130.6014928
46,h,4,4,0.5,-135.0579573,-484.7579573,8300944.757,8725038.598,0.086537307,1.7406317,-111.0349057,-111.1214097,-128.5604687,-130.3011505
47,h,4,4,0.5,135.0579573,-214.6420427,8300944.757,8725038.598,0.016008819,1.650590512,111.0885696,111.0725817,130.2596733,128.6088776
48,g,5,0,0.5,-181.6315165,-415.9315165,8300944.757,8725038.598,115.1373955,189.9273998,-909.6801594,-1024.817556,-549.7017382,-739.629138
49,g,5,0,0.5,181.6315165,-52.66848352,8300944.757,8725038.598,108.1122764,194.3188737,1026.946743,918.8344668,746.9827823,552.6639086
50,g,5,1,0.5,-181.6315165,181.5684835,8300944.757,8725038.598,19.63577292,4.340151073,-193.3024809,-212.9382397,-521.7895696,-526.129817
51,g,5,1,0.5,181.6315165,544.8315165,8300944.757,8725038.598,27.21662772,4.87942099,217.4101767,190.1935574,523.1782245,518.2990498
52,h,5,1,0.5,-181.6315165,-133.9315165,8300944.757,8725038.598,-30.29285512,-153.2191564,-440.6909399,-410.3980762,-806.2767258,-653.0575693
53,h,5,1,0.5,181.6315165,229.3315165,8300944.757,8725038.598,-25.65725463,-155.9472332,408.2271426,433.8843992,650.9404166,806.8876498
54,g,5,2,0.5,-181.6315165,6.168483521,8300944.757,8725038.598,-79.21498189,-69.57932894,-496.7381584,-417.52305,-488.9885424,-419.4098574
55,g,5,2,0.5,181.6315165,369.4315165,8300944.757,8725038.598,-80.65812837,-70.40030856,418.6617325,499.3196921,420.0829823,490.4827863
56,h,5,2,0.5,-181.6315165,26.66848352,8300944.757,8725038.598,3.763349563,33.36367239,-460.7377738,-464.5010341,-478.6835743,-512.0474144
57,h,5,2,0.5,181.6315165,389.9315165,8300944.757,8725038.598,2.074264742,31.26113416,463.7968922,461.7225502,515.3125793,484.0511734
58,g,5,3,0.5,-181.6315165,-322.3315165,8300944.757,8725038.598,0.727333262,22.94045006,-413.499138,-414.2265393,-394.9151538,-417.8559607
59,g,5,3,0.5,181.6315165,40.93151648,8300944.757,8725038.598,-1.664825867,21.08505593,412.9948809,414.6597217,418.0938483,397.0087959
60,h,5,3,0.5,-181.6315165,-302.8315165,8300944.757,8725038.598,23.34621586,29.76149964,-401.0944729,-424.4408398,-391.0713398,-420.8330452
61,h,5,3,0.5,181.6315165,60.43151648,8300944.757,8725038.598,21.04093731,28.0501238,423.433155,402.3922571,420.1875598,392.1374247
62,g,5,4,0.5,-181.6315165,-332.8315165,8300944.757,8725038.598,5.573258839,6.659067295,-179.4118767,-184.9851232,-204.7081424,-211.3671589
63,g,5,4,0.5,181.6315165,30.43151648,8300944.757,8725038.598,5.09667772,6.059107413,184.8101127,179.7135025,211.127257,205.0681411
64,h,5,4,0.5,-181.6315165,-149.3315165,8300944.757,8725038.598,0.434951964,-4.924338174,-182.0835365,-182.5184115,-210.5092207,-205.5848519
65,h,5,4,0.5,181.6315165,213.9315165,8300944.757,8725038.598,-0.046762565,-5.529936433,182.288641,182.3354271,205.2077104,210.7378038
66,g,5,5,0.5,-181.6315165,-168.1315165,8300944.757,8725038.598,0.084080444,-0.488403998,-45.27129332,-45.355376,-59.18152278,-58.69307467
67,g,5,5,0.5,181.6315165,195.1315165,8300944.757,8725038.598,0.055527389,-0.54119741,45.34194541,45.2864048,58.66586501,59.20710005
68,h,5,5,0.5,-181.6315165,-82.73151648,8300944.757,8725038.598,-0.640762432,-0.712650189,-45.63441841,-44.99368495,-59.29779163,-58.58514272
69,h,5,5,0.5,181.6315165,280.5315165,8300944.757,8725038.598,-0.669223721,-0.765375209,44.97542694,45.64461517,58.55631414,59.32169809
70,g,6,0,0.5,-244.2655614,-178.2655614,8300944.757,8725038.598,-61.52227337,-80.50401496,-811.8267265,-750.3047121,-580.2866972,-499.7826742
71,g,6,0,0.5,244.2655614,310.2655614,8300944.757,8725038.598,-71.30672129,-73.73320479,746.1804702,817.4869378,497.4262251,571.1594688
72,g,6,1,0.5,-244.2655614,-178.7655614,8300944.757,8725038.598,12.21993709,88.14927664,-332.4989279,-344.7188718,-476.2552908,-564.4048483
73,g,6,1,0.5,244.2655614,309.7655614,8300944.757,8725038.598,22.74520217,90.59678433,351.8248837,329.0796791,570.8146533,480.2174442
74,h,6,1,0.5,-244.2655614,-263.3655614,8300944.757,8725038.598,60.55376118,29.05016892,-479.2321985,-539.7859512,-656.5413578,-685.5915823
75,h,6,1,0.5,244.2655614,225.1655614,8300944.757,8725038.598,62.84512546,22.79864944,537.5521932,474.7070797,679.0813564,656.2825645
76,g,6,2,0.5,-244.2655614,-171.3655614,8300944.757,8725038.598,-70.46072454,36.50953489,-432.3161556,-361.8554157,-465.1043881,-501.614321
77,g,6,2,0.5,244.2655614,317.1655614,8300944.757,8725038.598,-69.21280676,34.28676982,364.5887144,433.8015413,500.4485498,466.1617381
78,h,6,2,0.5,-244.2655614,-219.1655614,8300944.757,8725038.598,6.320175128,-107.9945514,-305.2600152,-311.5801632,-564.6194003,-456.6257857
79,h,6,2,0.5,244.2655614,269.3655614,8300944.757,8725038.598,8.55616544,-109.3809031,313.0764665,304.5203321,451.9452182,561.3256324
80,g,6,3,0.5,-244.2655614,-365.7655614,8300944.757,8725038.598,1.874696207,-51.60232938,-418.1266913,-420.0015152,-402.1519779,-350.548783
81,g,6,3,0.5,244.2655614,122.7655614,8300944.757,8725038.598,-2.2696634,-53.61971911,417.9706134,420.2402588,346.0248167,399.6444577
82,h,6,3,0.5,-244.2655614,-191.4655614,8300944.757,8725038.598,30.26327658,-33.4661675,-404.7875448,-435.0512483,-389.504359,-356.0372359
83,h,6,3,0.5,244.2655614,297.0655614,8300944.757,8725038.598,26.22970753,-35.63665392,432.4620032,406.2324027,355.1723431,390.8080748
84,g,6,4,0.5,-244.2655614,-280.4655614,8300944.757,8725038.598,10.60627447,-11.31000268,-242.7360115,-253.3423736,-270.6312728,-259.3213737
85,g,6,4,0.5,244.2655614,208.0655614,8300944.757,8725038.598,8.880766635,-13.09974393,252.5876262,243.7068037,258.2332764,271.3333414
86,h,6,4,0.5,-244.2655614,-308.7655614,8300944.757,8725038.598,1.263248873,13.94081782,-247.4650233,-248.7282651,-257.4824178,-271.4230837
87,h,6,4,0.5,244.2655614,179.7655614,8300944.757,8725038.598,-0.483882539,12.14750452,247.8799457,248.3638474,270.9966008,258.8494222
88,g,6,5,0.5,-244.2655614,-230.7655614,8300944.757,8725038.598,0.332253102,2.042976561,-89.34296065,-89.67516286,-113.4560095,-115.4989814
89,g,6,5,0.5,244.2655614,257.7655614,8300944.757,8725038.598,0.084967732,1.617661008,89.556677,89.47173052,115.3070909,113.6892743
90,h,6,5,0.5,-244.2655614,-235.3655614,8300944.757,8725038.598,-1.739419355,2.524287609,-90.39291767,-88.65349653,-113.2269593,-115.75119
91,h,6,5,0.5,244.2655614,253.1655614,8300944.757,8725038.598,-1.985649152,2.099392803,88.50776354,90.49336387,115.5640894,113.4646837
92,g,6,6,0.5,-244.2655614,-308.9655614,8300944.757,8725038.598,-0.216230095,0.27420102,-19.46050598,-19.24428635,-28.65156539,-28.92575557
93,g,6,6,0.5,244.2655614,179.5655614,8300944.757,8725038.598,-0.227945079,0.244562294,19.23730838,19.46524162,28.91180353,28.66724547
94,h,6,6,0.5,-244.2655614,-176.1655614,8300944.757,8725038.598,-0.033084207,-0.109595336,-19.36814541,-19.33502523,-28.84326247,-28.73362342
95,h,6,6,0.5,244.2655614,312.3655614,8300944.757,8725038.598,-0.044816269,-0.139242147,19.3288737,19.37372485,28.71871969,28.85799986
96,g,7,0,0.5,-328.4984107,-247.8984107,8300944.757,8725038.598,-233.5014689,0.791758151,-740.7657455,-507.2643095,-561.976996,-562.76859
97,g,7,0,0.5,328.4984107,409.0984107,8300944.757,8725038.598,-241.6913045,6.955228067,496.9136213,738.6048962,570.460695,563.5054082
98,g,7,1,0.5,-328.4984107,-405.1984107,8300944.757,8725038.598,0.647033053,-186.8900047,-484.7552555,-485.4022872,-576.4804346,-389.5900008
99,g,7,1,0.5,328.4984107,251.7984107,8300944.757,8725038.598,7.488587414,-180.4937304,491.3549125,483.8663292,384.5803776,565.0749549
100,h,7,1,0.5,-328.4984107,-379.9984107,8300944.757,8725038.598,176.7487618,132.422236,-455.8779596,-632.6267208,-461.1702392,-593.5924585
101,h,7,1,0.5,328.4984107,276.9984107,8300944.757,8725038.598,174.5299963,127.4722117,635.7669657,461.2369691,599.9927354,472.5206389
102,g,7,2,0.5,-328.4984107,-336.6984107,8300944.757,8725038.598,-35.3258878,30.36237044,-376.8356731,-341.5097785,-539.5181344,-569.8805803
103,g,7,2,0.5,328.4984107,320.2984107,8300944.757,8725038.598,-29.85824876,21.04043086,343.3619537,373.2202179,566.6986905,545.6584216
104,h,7,2,0.5,-328.4984107,-345.3984107,8300944.757,8725038.598,9.268066199,210.4879685,-256.1346037,-265.402799,-399.3421967,-609.8303535
105,h,7,2,0.5,328.4984107,311.5984107,8300944.757,8725038.598,18.47056674,209.7129481,269.7428138,251.2721926,614.5566166,404.8435396
106,g,7,3,0.5,-328.4984107,-271.9984107,8300944.757,8725038.598,3.086998529,100.8183828,-375.5965556,-378.6833868,-303.6542562,-404.4725004
107,g,7,3,0.5,328.4984107,384.9984107,8300944.757,8725038.598,-1.208087392,100.6138261,376.8565755,378.0645287,408.6952991,308.0802697
108,h,7,3,0.5,-328.4984107,-326.2984107,8300944.757,8725038.598,28.48640339,34.67802124,-370.9242831,-399.4104183,-335.699008,-370.3770022
109,h,7,3,0.5,328.4984107,330.6984107,8300944.757,8725038.598,23.965128,32.26952115,394.6442977,370.6787877,368.2813237,336.0127347
110,g,7,4,0.5,-328.4984107,-312.6984107,8300944.757,8725038.598,15.9260099,20.39729626,-289.3153568,-305.2416761,-276.0453987,-296.4432061
111,g,7,4,0.5,328.4984107,344.2984107,8300944.757,8725038.598,11.74742355,17.33907903,303.0387368,291.2912439,295.2501411,277.9110358
112,h,7,4,0.5,-328.4984107,-304.9984107,8300944.757,8725038.598,2.599641708,-25.5606468,-295.6504632,-298.2499683,-299.5472813,-273.9864978
113,h,7,4,0.5,328.4984107,351.9984107,8300944.757,8725038.598,-1.617849981,-28.49748736,296.1511872,297.7689416,270.9120644,299.4097394
114,g,7,5,0.5,-328.4984107,-322.0984107,8300944.757,8725038.598,0.991608638,-3.870916502,-139.5278645,-140.5194519,-170.2699029,-166.3993224
115,g,7,5,0.5,328.4984107,334.8984107,8300944.757,8725038.598,-0.1282695,-5.470398826,139.9754614,140.1037271,165.4511685,170.9215454
116,h,7,5,0.5,-328.4984107,-330.6984107,8300944.757,8725038.598,-3.115580072,-4.092084798,-141.6356643,-138.5200511,-170.4038639,-166.3117927
117,h,7,5,0.5,328.4984107,326.2984107,8300944.757,8725038.598,-4.230351689,-5.693399056,137.9070349,142.1374613,165.3944823,171.0879753
118,g,7,6,0.5,-328.4984107,-335.6984107,8300944.757,8725038.598,-0.617181748,-0.678967625,-44.38657496,-43.76934324,-64.7549501,-64.07594925
119,g,7,6,0.5,328.4984107,321.2984107,8300944.757,8725038.598,-0.740314272,-0.963051425,43.69984444,44.44017889,63.9236617,64.88674886
120,h,7,6,0.5,-328.4984107,-355.6984107,8300944.757,8725038.598,-0.061947477,0.644787793,-44.10422273,-44.04223846,-64.0834628,-64.72832431
121,h,7,6,0.5,328.4984107,301.2984107,8300944.757,8725038.598,-0.185286271,0.360645557,43.97839203,44.16368333,64.5903487,64.22970281
122,g,7,7,0.5,-328.4984107,-318.6984107,8300944.757,8725038.598,-0.017063901,0.032881021,-8.60279636,-8.585706374,-14.76222787,-14.79512538
123,g,7,7,0.5,328.4984107,338.2984107,8300944.757,8725038.598,-0.021936283,0.016558985,8.583174619,8.605135049,14.78691107,14.77033061
124,h,7,7,0.5,-328.4984107,-330.2984107,8300944.757,8725038.598,0.07811842,0.092010165,-8.55509016,-8.633238164,-14.73270172,-14.82474354
125,h,7,7,0.5,328.4984107,326.6984107,8300944.757,8725038.598,0.073248061,0.075689253,8.631124512,8.55788346,14.81686827,14.74114075
126,g,8,0,0.5,-441.7782238,-418.0782238,8300944.757,8725038.598,-366.845971,10.8198677,-703.9042348,-337.0579751,-589.3454104,-600.1657224
127,g,8,0,0.5,441.7782238,465.4782238,8300944.757,8725038.598,-369.0245498,10.49444972,321.7008302,690.7255914,594.5800869,584.0851423
128,g,8,1,0.5,-441.7782238,-432.0782238,8300944.757,8725038.598,-11.41519463,249.0496482,-570.1813623,-558.7661648,-288.5766701,-537.626145
129,g,8,1,0.5,441.7782238,451.4782238,8300944.757,8725038.598,-18.30935293,262.7991662,556.1354017,574.444762,555.5635856,292.7644804
130,h,8,1,0.5,-441.7782238,-433.3782238,8300944.757,8725038.598,286.8028059,-270.6330378,-374.9770316,-661.7798374,-548.8945512,-278.2610222
131,h,8,1,0.5,441.7782238,450.1782238,8300944.757,8725038.598,282.8644856,-266.9262549,674.6547689,391.7902798,266.6179798,533.5443058
132,g,8,2,0.5,-441.7782238,-459.3782238,8300944.757,8725038.598,25.09749695,-91.85964105,-292.3054824,-317.4027012,-630.3138531,-538.4541584
133,g,8,2,0.5,441.7782238,424.1782238,8300944.757,8725038.598,35.21621583,-114.0558676,320.8649494,285.6488207,520.1307614,634.1866696
134,h,8,2,0.5,-441.7782238,-457.0782238,8300944.757,8725038.598,13.65895385,-316.7813651,-273.9735261,-287.6324718,-637.8673449,-321.0851919
135,h,8,2,0.5,441.7782238,426.4782238,8300944.757,8725038.598,29.09571406,-315.6738241,293.4899868,264.394392,312.1300308,627.8054401
136,g,8,3,0.5,-441.7782238,-442.2782238,8300944.757,8725038.598,3.634833577,-162.2341435,-310.5753958,-314.210056,-442.331669,-280.0978658
137,g,8,3,0.5,441.7782238,441.2782238,8300944.757,8725038.598,2.855757696,-160.0679729,314.3169118,311.4614372,280.1469203,440.2152062
138,h,8,3,0.5,-441.7782238,-428.9782238,8300944.757,8725038.598,12.49636455,-20.024927,-349.6281143,-362.1241199,-418.7402309,-398.7152172
139,h,8,3,0.5,441.7782238,454.5782238,8300944.757,8725038.598,10.41085716,-26.0303382,358.877019,348.4665728,397.9423951,423.9728512
140,g,8,4,0.5,-441.7782238,-462.8782238,8300944.757,8725038.598,18.81249743,-22.71598757,-311.1472316,-329.9602478,-281.5030048,-258.7863942
141,g,8,4,0.5,441.7782238,420.6782238,8300944.757,8725038.598,11.59301867,-25.70972991,325.1976752,313.6047014,257.2871414,282.9975902
142,h,8,4,0.5,-441.7782238,-453.4782238,8300944.757,8725038.598,3.870839501,48.4991516,-317.0905551,-320.9613647,-245.1916548,-293.6914637
143,h,8,4,0.5,441.7782238,430.0782238,8300944.757,8725038.598,-3.316585088,46.27234908,317.2465205,320.5632931,295.7880952,249.5145674
144,g,8,5,0.5,-441.7782238,-426.4782238,8300944.757,8725038.598,2.387726553,11.45983059,-188.5423499,-190.9300385,-200.9182998,-212.3779341
145,g,8,5,0.5,441.7782238,457.0782238,8300944.757,8725038.598,-1.007243315,7.889215915,189.25433,190.2614488,211.1660931,203.2763909
146,h,8,5,0.5,-441.7782238,-426.8782238,8300944.757,8725038.598,-3.926039549,9.801261561,-191.7863518,-187.8602243,-201.9731677,-211.7754551
147,h,8,5,0.5,441.7782238,456.6782238,8300944.757,8725038.598,-7.309283017,6.196571711,186.1623157,193.4716798,210.2657924,204.0697852
148,g,8,6,0.5,-441.7782238,-428.0782238,8300944.757,8725038.598,-1.098864091,2.400257408,-77.64536392,-76.54645441,-105.0049119,-107.4050868
149,g,8,6,0.5,441.7782238,455.4782238,8300944.757,8725038.598,-1.767857121,1.097855284,76.18638013,77.9543244,106.8077017,105.7099347
150,h,8,6,0.5,-441.7782238,-438.1782238,8300944.757,8725038.598,0.059681418,-0.758098034,-77.05114741,-77.11074833,-106.6226528,-105.8644961
151,h,8,6,0.5,441.7782238,445.3782238,8300944.757,8725038.598,-0.610432685,-2.060073238,76.76722294,77.37764566,105.1767087,107.2369815
152,g,8,7,0.5,-441.7782238,-458.2782238,8300944.757,8725038.598,-0.035219017,-0.033850933,-21.93679649,-21.90159775,-36.91446278,-36.88066549
153,g,8,7,0.5,441.7782238,425.2782238,8300944.757,8725038.598,-0.095509104,-0.216439697,21.87056803,21.96603088,36.7891677,37.00555987
154,h,8,7,0.5,-441.7782238,-448.6782238,8300944.757,8725038.598,0.27514778,-0.177544392,-21.78034966,-22.05551808,-36.98856221,-36.81105797
155,h,8,7,0.5,441.7782238,434.8782238,8300944.757,8725038.598,0.214896507,-0.360127599,22.0281641,21.81319986,36.71610813,37.07622659
156,g,8,8,0.5,-441.7782238,-442.0782238,8300944.757,8725038.598,0.026943913,-0.020131277,-3.93037504,-3.956388522,-7.864980846,-7.84082467
157,g,8,8,0.5,441.7782238,441.4782238,8300944.757,8725038.598,0.024908583,-0.029020815,3.956291119,3.930480538,7.840367818,7.865422421
158,h,8,8,0.5,-441.7782238,-438.9782238,8300944.757,8725038.598,0.009835131,0.008896809,-3.938401747,-3.948254147,-7.848402289,-7.857287176
159,h,8,8,0.5,441.7782238,444.5782238,8300944.757,8725038.598,0.007799049,7.60E-06,3.947269779,3.939452119,7.852777345,7.852799746
160,g,9,0,0.5,-594.1215927,-589.1215927,8300944.757,8725038.598,-438.6148528,29.00352165,-669.5092694,-230.8943191,-547.8182787,-576.8221853
161,g,9,0,0.5,594.1215927,599.1215927,8300944.757,8725038.598,-431.4056449,20.54702058,214.6893013,646.0950322,581.9940725,561.4477374
162,g,9,1,0.5,-594.1215927,-585.7215927,8300944.757,8725038.598,-21.45194453,-299.7004902,-576.9731222,-555.5211498,-555.9415148,-256.2394849
163,g,9,1,0.5,594.1215927,602.5215927,8300944.757,8725038.598,-50.02534257,-277.2288951,538.4898556,588.5151836,252.5071492,529.736161
164,h,9,1,0.5,-594.1215927,-617.5215927,8300944.757,8725038.598,357.4664281,345.290702,-277.2157123,-634.6819898,-209.5058553,-554.7965249
165,h,9,1,0.5,594.1215927,570.7215927,8300944.757,8725038.598,355.9406771,357.2539622,655.7715436,299.831035,581.3357715,224.0817956
166,g,9,2,0.5,-594.1215927,-591.2215927,8300944.757,8725038.598,98.82367308,193.6935864,-269.7128265,-368.536407,-427.9783567,-621.6718943
167,g,9,2,0.5,594.1215927,597.0215927,8300944.757,8725038.598,115.0725554,161.3082908,380.4757938,265.4032688,618.6666141,457.3583509
168,h,9,2,0.5,-594.1215927,-583.1215927,8300944.757,8725038.598,20.48170609,395.026833,-340.0561686,-360.5378797,-218.131903,-613.1589834
169,h,9,2,0.5,594.1215927,605.1215927,8300944.757,8725038.598,36.02967142,402.5608898,369.0806814,333.0509683,631.2807619,228.7198835
170,g,9,3,0.5,-594.1215927,-595.6215927,8300944.757,8725038.598,3.613972728,219.8972079,-298.5609777,-302.1750771,-288.7187467,-508.6153214
171,g,9,3,0.5,594.1215927,592.6215927,8300944.757,8725038.598,9.817147054,220.6936599,305.438225,295.6209054,510.6281959,289.9355952
172,h,9,3,0.5,-594.1215927,-584.3215927,8300944.757,8725038.598,-19.83308377,11.17570565,-325.947938,-306.1148462,-459.4883046,-470.6638997
173,h,9,3,0.5,594.1215927,603.9215927,8300944.757,8725038.598,-16.15699216,-5.780147677,310.1886083,326.3458178,457.9269952,463.7073615
174,g,9,4,0.5,-594.1215927,-595.2215927,8300944.757,8725038.598,15.5628759,25.96962612,-307.3118117,-322.8744484,-268.7373118,-294.7065132
175,g,9,4,0.5,594.1215927,593.0215927,8300944.757,8725038.598,6.734209779,24.06035729,315.2311234,308.4971659,291.6915009,267.6323578
176,h,9,4,0.5,-594.1215927,-599.2215927,8300944.757,8725038.598,3.775389075,-71.63837931,-308.0786182,-311.8541241,-305.7361542,-234.0968321
177,h,9,4,0.5,594.1215927,589.0215927,8300944.757,8725038.598,-4.685536018,-70.96663343,307.1934781,311.8792062,233.865535,304.8330122
178,g,9,5,0.5,-594.1215927,-607.3215927,8300944.757,8725038.598,4.617173538,-14.56078113,-227.9149492,-232.5320487,-228.4571468,-213.8952998
179,g,9,5,0.5,594.1215927,580.9215927,8300944.757,8725038.598,-2.874095763,-19.27305121,228.7570016,231.6311463,210.1875597,229.461308
180,h,9,5,0.5,-594.1215927,-600.4215927,8300944.757,8725038.598,-2.96593718,-7.730254874,-231.6643304,-228.6985453,-224.6375705,-216.9081131
181,h,9,5,0.5,594.1215927,587.8215927,8300944.757,8725038.598,-10.45708662,-12.650498,225.3988939,235.8560887,214.196482,226.8466858
182,g,9,6,0.5,-594.1215927,-593.0215927,8300944.757,8725038.598,-1.138446912,-0.934359079,-115.9715192,-114.8329737,-145.8735269,-144.9391633
183,g,9,6,0.5,594.1215927,595.2215927,8300944.757,8725038.598,-3.574702324,-4.614514106,113.5905859,117.1654717,142.948134,147.5627376
184,h,9,6,0.5,-594.1215927,-586.3215927,8300944.757,8725038.598,0.732603224,5.003327967,-115.0153135,-115.7479573,-142.7276718,-147.7313825
185,h,9,6,0.5,594.1215927,601.9215927,8300944.757,8725038.598,-1.706703291,1.33090667,114.5105778,116.2172697,146.0680019,144.7365994
186,g,9,7,0.5,-594.1215927,-585.3215927,8300944.757,8725038.598,0.036946007,0.910735956,-42.0331752,-42.06996755,-66.46902757,-67.3799258
187,g,9,7,0.5,594.1215927,602.9215927,8300944.757,8725038.598,-0.345629321,-0.07752598,41.87457742,42.22021566,66.89224002,66.96975431
188,h,9,7,0.5,-594.1215927,-593.7215927,8300944.757,8725038.598,0.738813888,1.068154565,-41.67625597,-42.4150198,-66.38479955,-67.45310077
189,h,9,7,0.5,594.1215927,594.5215927,8300944.757,8725038.598,0.356465665,0.079773826,42.23468415,41.87828199,66.97939654,66.89944183
190,g,9,8,0.5,-594.1215927,-603.4215927,8300944.757,8725038.598,0.10286016,0.138247932,-10.98563848,-11.08851455,-21.36299953,-21.5011674
191,g,9,8,0.5,594.1215927,584.8215927,8300944.757,8725038.598,0.0738826,0.02428527,11.07498061,11.00106237,21.445311,21.42106583
192,h,9,8,0.5,-594.1215927,-595.5215927,8300944.757,8725038.598,0.045677696,0.024441106,-11.01444691,-11.06013426,-21.42017171,-21.44471232
193,h,9,8,0.5,594.1215927,592.7215927,8300944.757,8725038.598,0.016693985,-0.089520282,11.04600702,11.02928816,21.38803229,21.47742942
194,g,9,9,0.5,-594.1215927,-606.0215927,8300944.757,8725038.598,0.004192968,0.001307953,-1.856743163,-1.860951151,-4.27581437,-4.277123173
195,g,9,9,0.5,594.1215927,582.2215927,8300944.757,8725038.598,0.003340531,-0.003500064,1.860536256,1.857175601,4.274741976,4.278238203
196,h,9,9,0.5,-594.1215927,-584.5215927,8300944.757,8725038.598,-0.008455124,-0.004403763,-1.863100638,-1.854645062,-4.27872817,-4.274308841
197,h,9,9,0.5,594.1215927,603.7215927,8300944.757,8725038.598,-0.009308059,-0.009212432,1.854191358,1.863498665,4.271887594,4.281112874
198,g,10,0,0.5,-798.9992443,-800.8992443,8300944.757,8725038.598,-442.8915967,-75.7549988,-633.3463674,-190.454743,-534.6790525,-458.9243468
199,g,10,0,0.5,798.9992443,797.0992443,8300944.757,8725038.598,-421.8301555,-87.17412281,177.9581386,599.7882829,440.823403,527.9972957
200,g,10,1,0.5,-798.9992443,-805.1992443,8300944.757,8725038.598,-29.82619928,261.0787284,-539.4898094,-509.6635436,-268.7739335,-529.8541099
201,g,10,1,0.5,798.9992443,792.7992443,8300944.757,8725038.598,-78.46546212,289.5676898,478.4650765,556.9306005,563.8532367,274.2843172
202,h,10,1,0.5,-798.9992443,-795.5992443,8300944.757,8725038.598,366.3608476,-364.0220219,-242.3716274,-608.7326027,-616.818805,-252.7957048
203,h,10,1,0.5,798.9992443,802.3992443,8300944.757,8725038.598,361.3193618,-352.5960727,632.0383937,270.7188556,232.1602607,584.7566592
204,g,10,2,0.5,-798.9992443,-799.0992443,8300944.757,8725038.598,165.4852514,-213.9339576,-235.8779696,-401.3634108,-561.0368582,-347.1035869
205,g,10,2,0.5,798.9992443,798.8992443,8300944.757,8725038.598,191.3927535,-243.1611102,427.0719374,235.6789458,316.9207541,560.0812017
206,h,10,2,0.5,-798.9992443,-799.1992443,8300944.757,8725038.598,28.16293442,-438.6751953,-379.3141005,-407.4770349,-597.0286447,-158.3533773
207,h,10,2,0.5,798.9992443,798.7992443,8300944.757,8725038.598,35.72933175,-422.6057041,412.9930573,377.2637062,151.6919345,574.2980653
208,g,10,3,0.5,-798.9992443,-797.2992443,8300944.757,8725038.598,4.302192261,-253.3606015,-297.4610025,-301.7632423,-549.7167303,-296.3554618
209,g,10,3,0.5,798.9992443,800.6992443,8300944.757,8725038.598,17.45017041,-261.6136066,307.0197721,289.5696286,286.601745,548.2150846
210,h,10,3,0.5,-798.9992443,-795.3992443,8300944.757,8725038.598,-65.3035076,39.81183448,-319.4403835,-254.1371917,-430.78266,-470.5944386
211,h,10,3,0.5,798.9992443,802.5992443,8300944.757,8725038.598,-53.02454829,10.35650091,265.1302,318.1542759,462.8224604,452.4659424
212,g,10,4,0.5,-798.9992443,-799.8992443,8300944.757,8725038.598,2.959810906,-15.18136464,-304.3729799,-307.3326544,-320.782331,-305.6017351
213,g,10,4,0.5,798.9992443,798.0992443,8300944.757,8725038.598,-3.798495154,-19.74072519,302.2423278,306.0413563,309.9077111,329.6477976
214,h,10,4,0.5,-798.9992443,-794.1992443,8300944.757,8725038.598,1.098762689,91.83402181,-289.9949637,-291.0937229,-261.468796,-353.3028184
215,h,10,4,0.5,798.9992443,803.7992443,8300944.757,8725038.598,-4.703575985,92.74912829,288.099318,292.8029373,349.7086869,256.9605472
216,g,10,5,0.5,-798.9992443,-798.2992443,8300944.757,8725038.598,7.012454222,26.65210449,-250.6659928,-257.6783776,-200.2642947,-226.9174201
217,g,10,5,0.5,798.9992443,799.6992443,8300944.757,8725038.598,-5.34000155,24.18566509,251.2757744,256.6159074,226.6788301,202.4926856
218,h,10,5,0.5,-798.9992443,-807.5992443,8300944.757,8725038.598,0.538270211,10.69286982,-253.3808505,-253.9192981,-208.8743175,-219.56739
219,h,10,5,0.5,798.9992443,790.3992443,8300944.757,8725038.598,-11.9026762,7.45414328,249.4656392,261.3681149,216.2714585,208.8168168
220,g,10,6,0.5,-798.9992443,-799.8992443,8300944.757,8725038.598,0.192722409,6.482932988,-153.8230389,-154.0155461,-168.6216936,-175.1052668
221,g,10,6,0.5,798.9992443,798.0992443,8300944.757,8725038.598,-6.340161918,-0.281580913,150.8994527,157.239656,171.861357,172.1421935
222,h,10,6,0.5,-798.9992443,-799.0992443,8300944.757,8725038.598,2.555100851,-2.643927776,-152.6800394,-155.2352617,-173.480457,-170.8359561
223,h,10,6,0.5,798.9992443,798.8992443,8300944.757,8725038.598,-3.97937595,-9.3571718,151.9629704,155.9426832,166.9735758,176.330941
224,g,10,7,0.5,-798.9992443,-797.0992443,8300944.757,8725038.598,0.521269146,0.60073218,-68.16126257,-68.68232413,-99.87628735,-100.4769534
225,g,10,7,0.5,798.9992443,800.8992443,8300944.757,8725038.598,-1.105505675,-2.762244472,67.85785316,68.96326111,98.7473424,101.5097405
226,h,10,7,0.5,-798.9992443,-803.2992443,8300944.757,8725038.598,1.768594251,0.796942282,-67.52677643,-69.29533023,-99.78752537,-100.5842465
227,h,10,7,0.5,798.9992443,794.6992443,8300944.757,8725038.598,0.142510555,-2.56781355,68.50002968,68.35756226,98.84095022,101.4087127
228,g,10,8,0.5,-798.9992443,-797.5992443,8300944.757,8725038.598,0.313183888,0.178010443,-22.75431571,-23.06750689,-42.05435343,-42.2323731
229,g,10,8,0.5,798.9992443,800.3992443,8300944.757,8725038.598,0.10266531,-0.53388304,22.96673175,22.86394112,41.86970238,42.40344764
230,h,10,8,0.5,-798.9992443,-802.3992443,8300944.757,8725038.598,0.182914393,0.487890641,-22.82041518,-23.00335413,-41.89559759,-42.38347626
231,h,10,8,0.5,798.9992443,795.5992443,8300944.757,8725038.598,-0.027646692,-0.223974035,22.89994732,22.92754934,42.02795275,42.25182214
232,g,10,9,0.5,-798.9992443,-801.3992443,8300944.757,8725038.598,0.020854916,0.045135267,-5.617881573,-5.63874781,-12.55893107,-12.60411551
233,g,10,9,0.5,798.9992443,796.5992443,8300944.757,8725038.598,0.007117784,-0.024423464,5.632021934,5.624883994,12.56915889,12.59349121
234,h,10,9,0.5,-798.9992443,-799.0992443,8300944.757,8725038.598,-0.024813232,0.058401845,-5.640976122,-5.616160029,-12.55211113,-12.61042236
235,h,10,9,0.5,798.9992443,798.8992443,8300944.757,8725038.598,-0.038549439,-0.011156932,5.608978258,5.647511261,12.57595095,12.58717347
236,g,10,10,0.5,-798.9992443,-802.7992443,8300944.757,8725038.598,-0.002862661,0.003219532,-0.897482088,-0.894606902,-2.370309765,-2.373513807
237,g,10,10,0.5,798.9992443,795.1992443,8300944.757,8725038.598,-0.00322071,0.000630854,0.894420183,0.897652682,2.372224304,2.371605898
238,h,10,10,0.5,-798.9992443,-807.7992443,8300944.757,8725038.598,-0.001377262,0.000853113,-0.896734479,-0.89535509,-2.371483372,-2.372350746
239,h,10,10,0.5,798.9992443,790.1992443,8300944.757,8725038.598,-0.001735311,-0.001735819,0.89517232,0.89690947,2.37106437,2.372777939
240,g,11,0,0.5,-1074.527168,-1071.527168,8300944.757,8725038.598,-388.5330991,130.2914792,-611.4429059,-222.9098128,-380.5640402,-510.854121
241,g,11,0,0.5,1074.527168,1077.527168,8300944.757,8725038.598,-348.0147226,115.8969299,211.8395471,559.8542593,520.7530403,404.856701
242,g,11,1,0.5,-1074.527168,-1075.927168,8300944.757,8725038.598,-40.00354618,-241.5073317,-480.6291413,-440.6256752,-542.0055148,-300.4982618
243,g,11,1,0.5,1074.527168,1073.127168,8300944.757,8725038.598,-92.67281931,-208.8903026,404.9475421,497.6206785,293.4461674,502.3363151
244,h,11,1,0.5,-1074.527168,-1074.527168,8300944.757,8725038.598,307.0332686,292.7522729,-266.4676567,-573.5010991,-253.6590523,-546.411735
245,h,11,1,0.5,1074.527168,1074.527168,8300944.757,8725038.598,277.3283383,306.4536139,582.0109172,304.6823704,578.4333162,271.9783461
246,g,11,2,0.5,-1074.527168,-1077.027168,8300944.757,8725038.598,206.7710617,247.2992463,-211.3941313,-418.1655217,-265.9784515,-513.2784419
247,g,11,2,0.5,1074.527168,1072.027168,8300944.757,8725038.598,239.9932989,233.1993955,455.8962228,215.9030599,523.6680678,290.468316
248,h,11,2,0.5,-1074.527168,-1072.027168,8300944.757,8725038.598,31.79437991,388.4753107,-376.195676,-407.9900071,-159.9348877,-548.41097
249,h,11,2,0.5,1074.527168,1077.027168,8300944.757,8725038.598,27.52857158,401.0344946,410.746638,383.2180962,566.936007,165.9006416
250,g,11,3,0.5,-1074.527168,-1072.227168,8300944.757,8725038.598,5.631460156,264.9831506,-288.8574774,-294.4887089,-282.756455,-547.7389536
251,g,11,3,0.5,1074.527168,1076.827168,8300944.757,8725038.598,23.33382662,238.3224723,304.0972008,280.7635279,538.983545,300.6615388
252,h,11,3,0.5,-1074.527168,-1075.127168,8300944.757,8725038.598,-114.9015289,-44.1115019,-327.23403,-212.3325025,-424.6489147,-380.5373275
253,h,11,3,0.5,1074.527168,1073.927168,8300944.757,8725038.598,-89.61175622,-67.05154777,222.2201282,311.8316747,359.5801827,426.6322216
254,g,11,4,0.5,-1074.527168,-1075.427168,8300944.757,8725038.598,-19.82492778,5.680268726,-288.6711116,-268.8465482,-354.533947,-360.2132858
255,g,11,4,0.5,1074.527168,1073.627168,8300944.757,8725038.598,-20.75507825,-10.15781601,272.5862475,293.341254,344.9094321,355.0688827
256,h,11,4,0.5,-1074.527168,-1074.927168,8300944.757,8725038.598,-3.698597482,-95.0804799,-292.6707524,-288.971828,-401.2756654,-306.1948896
257,h,11,4,0.5,1074.527168,1074.127168,8300944.757,8725038.598,-3.818162599,-104.9740981,289.225348,293.0430646,303.5679903,408.5403925
258,g,11,5,0.5,-1074.527168,-1074.227168,8300944.757,8725038.598,7.99877356,-34.19706392,-253.5317476,-261.5305155,-242.1132173,-207.9162196
259,g,11,5,0.5,1074.527168,1074.827168,8300944.757,8725038.598,-7.039427163,-32.10132334,253.4365504,260.4755165,211.160496,243.2608974
260,h,11,5,0.5,-1074.527168,-1073.927168,8300944.757,8725038.598,6.289860431,-1.893155187,-254.0581627,-260.3480922,-226.3116428,-224.420793
261,h,11,5,0.5,1074.527168,1075.127168,8300944.757,8725038.598,-9.055561902,-1.779627986,256.4111501,265.4672747,230.8433671,232.6205832
262,g,11,6,0.5,-1074.527168,-1075.227168,8300944.757,8725038.598,3.681800153,2.273297456,-184.7620829,-188.4440675,-177.8165323,-180.0911431
263,g,11,6,0.5,1074.527168,1073.827168,8300944.757,8725038.598,-9.737321037,-5.149190882,182.5734287,192.3110702,177.0683672,182.2172875
264,h,11,6,0.5,-1074.527168,-1074.727168,8300944.757,8725038.598,5.825385469,13.4070776,-183.9802424,-189.8060373,-172.0837306,-185.4910462
265,h,11,6,0.5,1074.527168,1074.327168,8300944.757,8725038.598,-7.574245442,6.185606126,183.2028881,190.7775959,182.8022687,176.6156184
266,g,11,7,0.5,-1074.527168,-1074.627168,8300944.757,8725038.598,2.097524527,6.208988743,-97.76569556,-99.8633898,-126.3048084,-132.5141791
267,g,11,7,0.5,1074.527168,1074.427168,8300944.757,8725038.598,-3.023686353,-1.559280836,97.29039016,100.314145,128.8320792,130.3910116
268,h,11,7,0.5,-1074.527168,-1076.227168,8300944.757,8725038.598,3.892852283,4.746645045,-96.89087974,-100.7835517,-127.1163373,-131.8638654
269,h,11,7,0.5,1074.527168,1072.827168,8300944.757,8725038.598,-1.227850975,-3.033525051,98.18132534,99.40893787,128.0244818,131.0576881
270,g,11,8,0.5,-1074.527168,-1073.127168,8300944.757,8725038.598,0.895421932,1.694740485,-39.60744239,-40.50281305,-67.2602693,-68.95500149
271,g,11,8,0.5,1074.527168,1075.927168,8300944.757,8725038.598,-0.129526534,-1.138695869,40.00029338,40.12963928,67.56034647,68.6988722
272,h,11,8,0.5,-1074.527168,-1076.127168,8300944.757,8725038.598,0.667910859,1.025138126,-39.7221952,-40.38998217,-67.61276951,-68.6376554
273,h,11,8,0.5,1074.527168,1072.927168,8300944.757,8725038.598,-0.357171851,-1.807929575,39.8839314,40.24086179,67.20727861,69.01525421
274,g,11,9,0.5,-1074.527168,-1075.127168,8300944.757,8725038.598,0.09273651,0.199645252,-12.46789498,-12.56065579,-26.42458063,-26.62415444
275,g,11,9,0.5,1074.527168,1073.927168,8300944.757,8725038.598,-0.019747447,-0.292917795,12.50520123,12.52495402,26.37809996,26.67112603
276,h,11,9,0.5,-1074.527168,-1077.527168,8300944.757,8725038.598,-0.021785956,0.191964723,-12.52649768,-12.50472109,-26.42961109,-26.6214496
277,h,11,9,0.5,1074.527168,1071.527168,8300944.757,8725038.598,-0.134262613,-0.300603357,12.44677232,12.58095498,26.37310204,26.67378085
278,g,11,10,0.5,-1074.527168,-1074.327168,8300944.757,8725038.598,-0.008083572,0.013756787,-2.908000571,-2.899920129,-7.43953039,-7.453335532
279,g,11,10,0.5,1074.527168,1074.727168,8300944.757,8725038.598,-0.014516699,-0.027963202,2.8965959,2.91110386,7.432418451,7.460303657
280,h,11,10,0.5,-1074.527168,-1076.527168,8300944.757,8725038.598,-0.002816338,0.024745986,-2.905352343,-2.90254302,-7.434013616,-7.458749958
281,h,11,10,0.5,1074.527168,1072.527168,8300944.757,8725038.598,-0.009250049,-0.01697414,2.899258317,2.908511279,7.437821699,7.454866879
282,g,11,11,0.5,-1074.527168,-1071.427168,8300944.757,8725038.598,-0.000553074,0.000874849,-0.440293211,-0.43973339,-1.333938206,-1.334821418
283,g,11,11,0.5,1074.527168,1077.627168,8300944.757,8725038.598,-0.00070326,-0.000513308,0.439657198,0.440366733,1.334125743,1.334629546
284,h,11,11,0.5,-1074.527168,-1077.127168,8300944.757,8725038.598,0.00111381,0.001279816,-0.439451001,-0.440564707,-1.333733273,-1.33502403
285,h,11,11,0.5,1074.527168,1071.927168,8300944.757,8725038.598,0.000963624,-0.00010889,0.440492239,0.439528367,1.334330117,1.334424296
286,g,12,0,0.5,-1445.068494,-1447.068494,8300944.757,8725038.598,-288.1994988,-101.6986137,-553.8985545,-265.6990023,-511.3584093,-409.6593278
287,g,12,0,0.5,1445.068494,1443.068494,8300944.757,8725038.598,-232.0198077,-137.9062548,262.1588913,494.1790543,371.0322916,508.9377027
288,g,12,1,0.5,-1445.068494,-1445.168494,8300944.757,8725038.598,-56.79540173,137.1661758,-424.0812604,-367.2857323,-304.8150946,-441.981122
289,g,12,1,0.5,1445.068494,1444.968494,8300944.757,8725038.598,-84.68039851,179.8290519,344.6497266,429.3301848,489.3060207,309.476549
290,h,12,1,0.5,-1445.068494,-1446.268494,8300944.757,8725038.598,184.1443152,-230.9572858,-327.0565418,-511.200902,-490.4279153,-259.4699785
291,h,12,1,0.5,1445.068494,1443.868494,8300944.757,8725038.598,114.0215586,-184.0685562,489.9561652,375.9345806,253.5731207,437.6420481
292,g,12,2,0.5,-1445.068494,-1444.568494,8300944.757,8725038.598,216.7868386,-206.4720647,-257.6717836,-474.4585393,-501.8570504,-295.3845217
293,g,12,2,0.5,1445.068494,1445.568494,8300944.757,8725038.598,232.0494688,-208.3227954,512.474749,280.4253389,277.3305956,485.6543613
294,h,12,2,0.5,-1445.068494,-1444.568494,8300944.757,8725038.598,27.38409448,-284.6361229,-369.9505879,-397.3345174,-536.982955,-252.3459089
295,h,12,2,0.5,1445.068494,1445.568494,8300944.757,8725038.598,12.82283744,-300.2107461,397.2631229,384.4400355,238.7229936,538.9335116
296,g,12,3,0.5,-1445.068494,-1443.768494,8300944.757,8725038.598,1.973790828,-162.0693832,-298.7360223,-300.7097858,-482.2762485,-320.208168
297,g,12,3,0.5,1445.068494,1446.368494,8300944.757,8725038.598,28.57954948,-219.316332,316.3395246,287.7597652,296.8868652,516.2005667
298,h,12,3,0.5,-1445.068494,-1443.668494,8300944.757,8725038.598,-154.9123908,73.73103233,-352.7598464,-197.8468006,-294.359927,-368.0918302
299,h,12,3,0.5,1445.068494,1446.468494,8300944.757,8725038.598,-108.5803812,93.7581518,208.2155365,316.7962924,388.6106498,294.8518378
300,g,12,4,0.5,-1445.068494,-1446.268494,8300944.757,8725038.598,-49.35918375,50.94947194,-310.0820209,-260.7236519,-331.327192,-382.2780355
301,g,12,4,0.5,1445.068494,1443.868494,8300944.757,8725038.598,-42.94849817,22.41287911,267.177041,310.1246234,374.1787788,351.7666426
302,h,12,4,0.5,-1445.068494,-1446.868494,8300944.757,8725038.598,-7.979027266,99.45336832,-288.2562952,-280.2772915,-318.440942,-417.8953226
303,h,12,4,0.5,1445.068494,1443.268494,8300944.757,8725038.598,-4.149988662,65.4595487,284.6667085,288.8168974,398.1999254,332.7399539
304,g,12,5,0.5,-1445.068494,-1444.368494,8300944.757,8725038.598,6.151394359,37.20375127,-254.9604873,-261.1119764,-246.2742906,-283.4755718
305,g,12,5,0.5,1445.068494,1445.768494,8300944.757,8725038.598,-6.805443536,36.92071214,254.8297883,261.6348496,278.6225624,241.7031409
306,h,12,5,0.5,-1445.068494,-1444.968494,8300944.757,8725038.598,13.99673395,-12.82305512,-254.9254469,-268.9227243,-275.9550319,-263.1313928
307,h,12,5,0.5,1445.068494,1445.168494,8300944.757,8725038.598,0.563986911,-16.61206313,261.9619583,261.3969286,250.7251703,267.3404711
308,g,12,6,0.5,-1445.068494,-1444.768494,8300944.757,8725038.598,8.923427178,-2.138335985,-203.5888817,-212.5121882,-181.894747,-179.7555031
309,g,12,6,0.5,1445.068494,1445.368494,8300944.757,8725038.598,-12.4129201,-4.46878618,204.1945161,216.6083432,172.8031828,177.2721944
310,h,12,6,0.5,-1445.068494,-1444.268494,8300944.757,8725038.598,9.7065115,-13.20572328,-204.0007543,-213.7078394,-186.61226,-173.407209
311,h,12,6,0.5,1445.068494,1445.868494,8300944.757,8725038.598,-11.54416155,-14.99730389,203.4472205,214.9911898,172.8145781,187.8127275
312,g,12,7,0.5,-1445.068494,-1444.568494,8300944.757,8725038.598,5.621889108,1.784514243,-126.8534866,-132.4754792,-147.2761985,-149.0605875
313,g,12,7,0.5,1445.068494,1445.568494,8300944.757,8725038.598,-6.875992997,-10.23290309,126.2594956,133.1354864,142.4882438,152.7223605
314,h,12,7,0.5,-1445.068494,-1445.268494,8300944.757,8725038.598,7.6892924,6.113188198,-126.0325208,-133.7221058,-144.6558648,-150.7706023
315,h,12,7,0.5,1445.068494,1444.868494,8300944.757,8725038.598,-4.812959836,-5.950308246,127.1068493,131.9197736,145.1009784,151.0520592
316,g,12,8,0.5,-1445.068494,-1445.368494,8300944.757,8725038.598,2.420873722,3.677543513,-60.7267562,-63.14737915,-93.3012835,-96.97900983
317,g,12,8,0.5,1445.068494,1444.768494,8300944.757,8725038.598,-1.28823448,-4.1845073,61.28555403,62.57358468,93.0272885,97.21190681
318,h,12,8,0.5,-1445.068494,-1444.468494,8300944.757,8725038.598,2.116025433,4.862283337,-60.86836629,-62.98453841,-92.65220956,-97.51476996
319,h,12,8,0.5,1445.068494,1445.668494,8300944.757,8725038.598,-1.593154553,-2.997257865,61.14059249,62.73388677,93.67588863,96.67353386
320,g,12,9,0.5,-1445.068494,-1445.568494,8300944.757,8725038.598,0.385210124,1.269029776,-23.11495039,-23.50023217,-45.23344095,-46.50250197
321,g,12,9,0.5,1445.068494,1444.568494,8300944.757,8725038.598,-0.231989729,-0.973037282,23.1949261,23.42695985,45.38661289,46.35964949
322,h,12,9,0.5,-1445.068494,-1444.868494,8300944.757,8725038.598,0.157854432,1.210529543,-23.23289636,-23.39082047,-45.26116575,-46.47168656
323,h,12,9,0.5,1445.068494,1445.268494,8300944.757,8725038.598,-0.459323911,-1.031606414,23.07721056,23.53666022,45.35868243,46.39029907
324,g,12,10,0.5,-1445.068494,-1444.968494,8300944.757,8725038.598,0.0003157,0.182559981,-6.861612512,-6.861937803,-16.60197932,-16.7844493
325,g,12,10,0.5,1445.068494,1445.168494,8300944.757,8725038.598,-0.058316428,-0.147673298,6.831960392,6.890184505,16.62004885,16.76765181
326,h,12,10,0.5,-1445.068494,-1445.968494,8300944.757,8725038.598,0.012899637,0.147645312,-6.85515463,-6.868049779,-16.61957607,-16.76711298
327,h,12,10,0.5,1445.068494,1444.168494,8300944.757,8725038.598,-0.045733399,-0.182587239,6.838257327,6.88408196,16.60223646,16.78489443
328,g,12,11,0.5,-1445.068494,-1446.168494,8300944.757,8725038.598,-0.001038838,0.010905829,-1.514488664,-1.51343399,-4.430890942,-4.441704271
329,g,12,11,0.5,1445.068494,1443.968494,8300944.757,8725038.598,-0.004021846,-0.013770086,1.511924985,1.515959022,4.429416708,4.44325
330,h,12,11,0.5,-1445.068494,-1445.068494,8300944.757,8725038.598,0.005494498,0.010041128,-1.511165435,-1.516675898,-4.431242551,-4.441326199
331,h,12,11,0.5,1445.068494,1445.068494,8300944.757,8725038.598,0.002512025,-0.014634814,1.515223833,1.512690184,4.428978483,4.443560335
332,g,12,12,0.5,-1445.068494,-1445.368494,8300944.757,8725038.598,0.000384956,0.000186028,-0.219251591,-0.21963177,-0.759201795,-0.759372523
333,g,12,12,0.5,1445.068494,1444.768494,8300944.757,8725038.598,0.000321806,-0.000556895,0.219601129,0.219283941,0.759002217,0.759572633
334,h,12,12,0.5,-1445.068494,-1444.568494,8300944.757,8725038.598,0.00028074,0.000432064,-0.219305069,-0.219584552,-0.759091286,-0.759513623
335,h,12,12,0.5,1445.068494,1445.568494,8300944.757,8725038.598,0.000217731,-0.000310834,0.219553465,0.219336988,0.759142321,0.759461853
336,g,13,0,0.5,-1943.387766,-1943.287766,8300944.757,8725038.598,-150.3580789,103.8693653,-476.1512763,-325.7931729,-393.5420141,-497.4111841
337,g,13,0,0.5,1943.387766,1943.487766,8300944.757,8725038.598,-110.3878244,22.20438541,328.6400494,439.0279273,475.5720028,453.3681108
338,g,13,1,0.5,-1943.387766,-1944.287766,8300944.757,8725038.598,-82.52611446,-130.5536776,-382.2259645,-299.6997231,-448.4196188,-317.8652599
339,g,13,1,0.5,1943.387766,1942.487766,8300944.757,8725038.598,-52.49286587,-68.12481249,307.2805134,359.7730862,322.7121703,390.8387916
340,h,13,1,0.5,-1943.387766,-1944.287766,8300944.757,8725038.598,3.191195201,65.52990786,-381.9184119,-385.1094257,-292.2484273,-357.7794227
341,h,13,1,0.5,1943.387766,1942.487766,8300944.757,8725038.598,-79.22481473,181.1659407,341.8872674,421.112288,448.7039679,267.535428
342,g,13,2,0.5,-1943.387766,-1942.887766,8300944.757,8725038.598,200.7537029,140.7650107,-294.6169739,-495.3705953,-310.7879518,-451.5527879
343,g,13,2,0.5,1943.387766,1943.887766,8300944.757,8725038.598,142.2953585,143.8958435,487.7957605,345.5002703,464.2215513,320.3260604
344,h,13,2,0.5,-1943.387766,-1942.787766,8300944.757,8725038.598,18.08353934,175.7774322,-370.582522,-388.6663247,-318.5393903,-494.3168979
345,h,13,2,0.5,1943.387766,1943.987766,8300944.757,8725038.598,-7.35767824,122.994309,379.9273945,387.285103,454.8252158,331.8301718
346,g,13,3,0.5,-1943.387766,-1942.687766,8300944.757,8725038.598,-15.38961354,128.850909,-311.2075309,-295.8179664,-332.6786038,-461.5298413
347,g,13,3,0.5,1943.387766,1944.087766,8300944.757,8725038.598,37.15907281,21.89128476,321.9498383,284.7905218,386.5618907,364.6704921
348,h,13,3,0.5,-1943.387766,-1941.987766,8300944.757,8725038.598,-171.1620093,-145.0994485,-382.7898597,-211.62673,-409.0407083,-263.9398631
349,h,13,3,0.5,1943.387766,1944.787766,8300944.757,8725038.598,-97.81383892,-64.79912445,231.627205,329.4422227,290.8883736,355.6893689
350,g,13,4,0.5,-1943.387766,-1943.687766,8300944.757,8725038.598,-76.09392591,-74.31753618,-313.1857736,-237.0923254,-384.9322837,-310.6140215
351,g,13,4,0.5,1943.387766,1943.087766,8300944.757,8725038.598,-60.26729355,-96.30446234,241.0513307,301.3182996,289.7441439,386.0511517
352,h,13,4,0.5,-1943.387766,-1943.787766,8300944.757,8725038.598,-10.67827517,-4.081937693,-285.7345351,-275.056699,-341.3123622,-337.2324087
353,h,13,4,0.5,1943.387766,1942.987766,8300944.757,8725038.598,-3.857056427,-63.99505606,276.5516623,280.4084853,320.176193,384.1699063
354,g,13,5,0.5,-1943.387766,-1942.587766,8300944.757,8725038.598,2.59107223,-21.29697028,-264.8491456,-267.4403009,-308.0935611,-286.797387
355,g,13,5,0.5,1943.387766,1944.187766,8300944.757,8725038.598,-6.551112567,-42.79541991,263.5917253,270.142885,278.152379,320.9462985
356,h,13,5,0.5,-1943.387766,-1944.687766,8300944.757,8725038.598,26.19788091,56.92127095,-244.8183905,-271.0158177,-260.5096098,-317.431558
357,h,13,5,0.5,1943.387766,1942.087766,8300944.757,8725038.598,17.67155903,33.700255,260.285664,242.6145653,313.0856797,279.3847771
358,g,13,6,0.5,-1943.387766,-1943.387766,8300944.757,8725038.598,14.05233082,9.519709295,-209.1876741,-223.2404911,-192.4411987,-201.9649869
359,g,13,6,0.5,1943.387766,1943.387766,8300944.757,8725038.598,-11.79310393,13.63477309,214.2970945,226.0902841,211.8420851,198.2043099
360,h,13,6,0.5,-1943.387766,-1943.487766,8300944.757,8725038.598,12.00038389,16.02266929,-210.8173577,-222.8186137,-184.4431736,-200.465416
361,h,13,6,0.5,1943.387766,1943.287766,8300944.757,8725038.598,-13.62834913,21.46992552,210.7328124,224.3618267,200.7268352,179.2565471
362,g,13,7,0.5,-1943.387766,-1942.587766,8300944.757,8725038.598,11.32525574,11.64184561,-151.1926776,-162.5182409,-144.6751092,-156.3181746
363,g,13,7,0.5,1943.387766,1944.187766,8300944.757,8725038.598,-12.83250432,1.336987394,150.6382203,163.4709678,152.2069342,150.8697552
364,h,13,7,0.5,-1943.387766,-1943.087766,8300944.757,8725038.598,13.18668824,3.061901725,-151.0152643,-164.2024098,-150.537211,-153.5998959
365,h,13,7,0.5,1943.387766,1943.687766,8300944.757,8725038.598,-10.99190382,-7.354974606,150.8611677,161.8529227,146.4432001,153.7986787
366,g,13,8,0.5,-1943.387766,-1943.387766,8300944.757,8725038.598,5.895281559,7.629448928,-83.98087506,-89.8760354,-113.8860808,-121.515084
367,g,13,8,0.5,1943.387766,1943.387766,8300944.757,8725038.598,-4.591040187,-7.904039522,84.48668146,89.07748012,113.6054906,121.5101308
368,h,13,8,0.5,-1943.387766,-1943.487766,8300944.757,8725038.598,5.618001445,5.950103028,-84.04689993,-89.66470189,-114.820611,-120.7717016
369,h,13,8,0.5,1943.387766,1943.287766,8300944.757,8725038.598,-4.867179047,-9.573672299,84.41658107,89.28385787,112.6723418,122.246571
370,g,13,9,0.5,-1943.387766,-1942.987766,8300944.757,8725038.598,1.397226463,3.243124808,-37.56517697,-38.96249656,-66.92610474,-70.16910631
371,g,13,9,0.5,1943.387766,1943.787766,8300944.757,8725038.598,-1.126684713,-3.988617223,37.70766359,38.83448859,66.51072322,70.49925172
372,h,13,9,0.5,-1943.387766,-1942.887766,8300944.757,8725038.598,1.027758243,3.531020057,-37.75441237,-38.78202988,-66.76707424,-70.29832891
373,h,13,9,0.5,1943.387766,1943.887766,8300944.757,8725038.598,-1.496166951,-3.701230803,37.51907588,39.01519574,66.66956664,70.37078979
374,g,13,10,0.5,-1943.387766,-1943.287766,8300944.757,8725038.598,0.120535277,0.814265287,-13.46453385,-13.58495358,-30.24458465,-31.0586879
375,g,13,10,0.5,1943.387766,1943.487766,8300944.757,8725038.598,-0.237514877,-0.876464772,13.40364501,13.64112335,30.21036182,31.0865297
376,h,13,10,0.5,-1943.387766,-1942.887766,8300944.757,8725038.598,0.143077259,0.901610631,-13.45291619,-13.59588967,-30.19850811,-31.10009066
377,h,13,10,0.5,1943.387766,1943.887766,8300944.757,8725038.598,-0.214974861,-0.789106101,13.41514781,13.63025662,30.25658832,31.04551264
378,g,13,11,0.5,-1943.387766,-1942.887766,8300944.757,8725038.598,0.007824046,0.114253685,-3.773699905,-3.781547767,-10.44914316,-10.56325906
379,g,13,11,0.5,1943.387766,1943.887766,8300944.757,8725038.598,-0.022124333,-0.101621678,3.766441816,3.788576342,10.45521905,10.55702581
380,h,13,11,0.5,-1943.387766,-1943.787766,8300944.757,8725038.598,0.025638276,0.113948205,-3.764611862,-3.790261636,-10.44896221,-10.56305709
381,h,13,11,0.5,1943.387766,1942.987766,8300944.757,8725038.598,-0.004310244,-0.101927443,3.775563691,3.779814477,10.45531456,10.55719136
382,g,13,12,0.5,-1943.387766,-1943.887766,8300944.757,8725038.598,0.002093899,0.007977132,-0.795480233,-0.797550918,-2.653319799,-2.661301466
383,g,13,12,0.5,1943.387766,1942.887766,8300944.757,8725038.598,0.000722531,-0.006453532,0.796878978,0.796176813,2.654099377,2.660524121
384,h,13,12,0.5,-1943.387766,-1943.787766,8300944.757,8725038.598,0.001725211,0.006743141,-0.795661882,-0.797368781,-2.653914193,-2.660708362
385,h,13,12,0.5,1943.387766,1942.987766,8300944.757,8725038.598,0.000353719,-0.007687609,0.796691395,0.796354606,2.653480996,2.661125109
386,g,13,13,0.5,-1943.387766,-1943.787766,8300944.757,8725038.598,0.000110736,0.000181229,-0.110766347,-0.110869618,-0.436337247,-0.436287866
387,g,13,13,0.5,1943.387766,1942.987766,8300944.757,8725038.598,8.43E-05,-0.000215269,0.111059575,0.110891396,0.436162687,0.436303708
388,h,13,13,0.5,-1943.387766,-1943.987766,8300944.757,8725038.598,-0.00010631,0.000141566,-0.110918765,-0.110814387,-0.436064528,-0.436210228
389,h,13,13,0.5,1943.387766,1942.787766,8300944.757,8725038.598,-0.000132856,-0.000255065,0.110800966,0.110931778,0.436012538,0.436271631